{"stats":{"minecraft:picked_up":{"minecraft:raw_iron":17,"minecraft:crafting_table":1,"minecraft:bone":1,"minecraft:rotten_flesh":3,"minecraft:oak_log":4,"minecraft:coal":37,"minecraft:cobblestone":28},"minecraft:custom":{"minecraft:time_since_rest":18308,"minecraft:crouch_one_cm":845,"minecraft:play_time":18308,"minecraft:sprint_one_cm":15114,"minecraft:damage_taken":230,"minecraft:walk_one_cm":16736,"minecraft:sneak_time":457,"minecraft:drop":1,"minecraft:jump":88,"minecraft:leave_game":1,"minecraft:time_since_death":18308,"minecraft:total_world_time":18308,"minecraft:interact_with_crafting_table":2,"minecraft:fall_one_cm":2579,"minecraft:fly_one_cm":12120},"minecraft:used":{"minecraft:rotten_flesh":2,"minecraft:stone_axe":1,"minecraft:crafting_table":1,"minecraft:stone_pickaxe":74,"minecraft:oak_planks":5,"minecraft:wooden_pickaxe":8},"minecraft:crafted":{"minecraft:oak_planks":16,"minecraft:stone_axe":1,"minecraft:crafting_table":1,"minecraft:stick":8,"minecraft:wooden_pickaxe":1,"minecraft:stone_pickaxe":1},"minecraft:mined":{"minecraft:oak_log":4,"minecraft:coal_ore":37,"minecraft:iron_ore":17,"minecraft:stone":28,"minecraft:crafting_table":1},"minecraft:dropped":{"minecraft:rotten_flesh":1}},"DataVersion":3465}