{"stats":{"minecraft:mined":{"minecraft:spruce_planks":1,"minecraft:crafting_table":3,"minecraft:grass_block":1,"biomesoplenty:sprout":1,"minecraft:spruce_stairs":1,"minecraft:magma_block":1,"biomesoplenty:magic_leaves":2,"minecraft:furnace":2,"minecraft:iron_ore":25,"biomesoplenty:maple_leaves":2,"minecraft:gold_block":1,"biomesoplenty:magic_log":18,"minecraft:grass":1,"minecraft:oak_log":10,"minecraft:coal_ore":85,"minecraft:dirt":8,"minecraft:stone":131,"minecraft:netherrack":36,"minecraft:fern":1},"minecraft:used":{"minecraft:stone_pickaxe":126,"minecraft:oak_planks":5,"minecraft:wooden_pickaxe":11,"minecraft:rotten_flesh":4,"minecraft:netherrack":15,"minecraft:iron_chestplate":2,"minecraft:dirt":3,"minecraft:crafting_table":4,"minecraft:iron_pickaxe":161,"minecraft:iron_boots":1,"minecraft:stone_axe":40,"minecraft:cobblestone":38,"minecraft:furnace":2},"minecraft:custom":{"minecraft:interact_with_furnace":8,"minecraft:mob_kills":4,"minecraft:interact_with_crafting_table":8,"minecraft:open_barrel":1,"minecraft:leave_game":2,"minecraft:time_since_death":3622,"minecraft:time_since_rest":5107,"minecraft:sprint_one_cm":100252,"minecraft:damage_taken":788,"minecraft:walk_one_cm":64835,"minecraft:drop":6,"minecraft:damage_dealt":617,"minecraft:swim_one_cm":6851,"minecraft:fly_one_cm":101786,"minecraft:crouch_one_cm":1220,"minecraft:play_time":47133,"minecraft:deaths":3,"minecraft:sneak_time":612,"minecraft:walk_under_water_one_cm":3054,"minecraft:jump":647,"minecraft:walk_on_water_one_cm":1678,"minecraft:total_world_time":47133,"minecraft:fall_one_cm":24085},"minecraft:killed":{"naturalist:bluejay":1,"minecraft:zombie":2,"aquaculture:atlantic_herring":1},"minecraft:picked_up":{"minecraft:magma_block":1,"minecraft:crafting_table":5,"minecraft:iron_chestplate":1,"minecraft:feather":4,"minecraft:wooden_pickaxe":3,"minecraft:gold_block":3,"minecraft:oak_log":16,"minecraft:dirt":11,"minecraft:bone":4,"minecraft:spruce_planks":1,"minecraft:iron_ingot":8,"minecraft:stone_pickaxe":1,"biomesoplenty:magic_log":17,"minecraft:iron_pickaxe":2,"minecraft:oak_planks":18,"minecraft:iron_boots":2,"minecraft:furnace":6,"minecraft:stick":4,"minecraft:raw_iron":52,"minecraft:spruce_stairs":3,"minecraft:rotten_flesh":5,"minecraft:stone_axe":1,"minecraft:netherrack":113,"minecraft:coal":325,"minecraft:cobblestone":295},"minecraft:crafted":{"minecraft:oak_planks":40,"minecraft:crafting_table":2,"minecraft:wooden_pickaxe":1,"minecraft:furnace":2,"minecraft:stone_axe":2,"minecraft:air":0,"minecraft:iron_boots":1,"minecraft:iron_chestplate":2,"minecraft:stick":12,"minecraft:iron_ingot":23,"minecraft:iron_pickaxe":1,"minecraft:stone_pickaxe":1,"biomesoplenty:magic_planks":4},"minecraft:killed_by":{"minecraft:zombie":2},"minecraft:dropped":{"minecraft:rotten_flesh":1,"minecraft:spruce_stairs":1,"minecraft:dirt":8,"minecraft:spruce_planks":1,"minecraft:magma_block":1},"minecraft:broken":{"minecraft:stone_pickaxe":1}},"DataVersion":3465}