{"stats":{"minecraft:picked_up":{"minecraft:magma_block":1,"minecraft:stick":2,"minecraft:crafting_table":4,"minecraft:raw_iron":50,"minecraft:feather":2,"minecraft:wooden_pickaxe":2,"minecraft:spruce_stairs":2,"minecraft:gold_block":2,"minecraft:oak_log":16,"minecraft:dirt":11,"minecraft:bone":3,"minecraft:rotten_flesh":5,"minecraft:spruce_planks":1,"minecraft:iron_ingot":8,"minecraft:stone_pickaxe":1,"minecraft:iron_pickaxe":1,"minecraft:netherrack":89,"minecraft:coal":244,"minecraft:iron_boots":1,"minecraft:cobblestone":227,"minecraft:furnace":4},"minecraft:killed_by":{"minecraft:zombie":2},"minecraft:used":{"minecraft:stone_pickaxe":126,"minecraft:iron_pickaxe":161,"minecraft:oak_planks":5,"minecraft:wooden_pickaxe":11,"minecraft:iron_boots":1,"minecraft:rotten_flesh":4,"minecraft:netherrack":11,"minecraft:iron_chestplate":2,"minecraft:stone_axe":19,"minecraft:dirt":3,"minecraft:cobblestone":38,"minecraft:crafting_table":4,"minecraft:furnace":2},"minecraft:custom":{"minecraft:time_since_rest":57,"minecraft:interact_with_furnace":8,"minecraft:sprint_one_cm":91028,"minecraft:damage_taken":788,"minecraft:walk_one_cm":60049,"minecraft:mob_kills":4,"minecraft:drop":6,"minecraft:damage_dealt":617,"minecraft:swim_one_cm":6851,"minecraft:interact_with_crafting_table":8,"minecraft:fly_one_cm":88933,"minecraft:open_barrel":1,"minecraft:crouch_one_cm":1220,"minecraft:play_time":42083,"minecraft:deaths":3,"minecraft:sneak_time":612,"minecraft:walk_under_water_one_cm":3054,"minecraft:jump":589,"minecraft:leave_game":2,"minecraft:time_since_death":0,"minecraft:walk_on_water_one_cm":1678,"minecraft:total_world_time":42083,"minecraft:fall_one_cm":20230},"minecraft:crafted":{"minecraft:oak_planks":40,"minecraft:iron_boots":1,"minecraft:iron_chestplate":2,"minecraft:crafting_table":2,"minecraft:stick":12,"minecraft:iron_ingot":23,"minecraft:wooden_pickaxe":1,"minecraft:iron_pickaxe":1,"minecraft:stone_pickaxe":1,"minecraft:furnace":2,"minecraft:stone_axe":2,"minecraft:air":0},"minecraft:mined":{"minecraft:spruce_stairs":1,"minecraft:magma_block":1,"minecraft:spruce_planks":1,"minecraft:furnace":2,"minecraft:iron_ore":25,"biomesoplenty:maple_leaves":2,"minecraft:gold_block":1,"minecraft:crafting_table":3,"minecraft:grass":1,"minecraft:grass_block":1,"minecraft:coal_ore":85,"minecraft:oak_log":10,"minecraft:dirt":8,"minecraft:stone":131,"minecraft:netherrack":36,"minecraft:fern":1},"minecraft:dropped":{"minecraft:dirt":8,"minecraft:spruce_planks":1,"minecraft:rotten_flesh":1,"minecraft:magma_block":1,"minecraft:spruce_stairs":1},"minecraft:broken":{"minecraft:stone_pickaxe":1},"minecraft:killed":{"minecraft:zombie":2,"naturalist:bluejay":1,"aquaculture:atlantic_herring":1}},"DataVersion":3465}