{"stats":{"minecraft:mined":{"minecraft:spruce_planks":1,"quark:yellow_blossom_leaves":4,"minecraft:crafting_table":3,"minecraft:grass_block":1,"quark:blossom_log":10,"minecraft:tall_grass":2,"biomesoplenty:sprout":1,"biomesoplenty:huge_clover_petal":4,"minecraft:spruce_stairs":1,"minecraft:magma_block":1,"biomesoplenty:magic_leaves":2,"minecraft:furnace":2,"ecologics:seashell":1,"minecraft:iron_ore":29,"biomesoplenty:violet":1,"biomesoplenty:maple_leaves":2,"minecraft:pumpkin":6,"minecraft:gold_block":1,"biomesoplenty:magic_log":23,"biomesoplenty:clover":5,"minecraft:grass":3,"minecraft:oak_log":10,"minecraft:coal_ore":85,"biomesoplenty:high_grass":1,"minecraft:dirt":8,"minecraft:stone":131,"minecraft:netherrack":36,"minecraft:fern":1},"minecraft:used":{"minecraft:stone_pickaxe":126,"minecraft:oak_planks":5,"minecraft:wooden_pickaxe":11,"minecraft:rotten_flesh":4,"minecraft:netherrack":15,"minecraft:iron_chestplate":2,"minecraft:dirt":3,"minecraft:crafting_table":4,"minecraft:bread":7,"minecraft:iron_pickaxe":165,"minecraft:iron_boots":1,"minecraft:stone_axe":109,"minecraft:cobblestone":38,"minecraft:furnace":2},"minecraft:custom":{"minecraft:interact_with_furnace":8,"minecraft:mob_kills":22,"minecraft:interact_with_crafting_table":8,"minecraft:open_barrel":2,"minecraft:leave_game":2,"minecraft:time_since_death":15622,"minecraft:time_since_rest":17107,"minecraft:sprint_one_cm":152175,"minecraft:damage_taken":1124,"minecraft:walk_one_cm":80499,"minecraft:drop":9,"minecraft:damage_dealt":2509,"minecraft:swim_one_cm":14109,"minecraft:fly_one_cm":202876,"minecraft:open_chest":2,"minecraft:crouch_one_cm":1220,"minecraft:play_time":59133,"minecraft:deaths":3,"minecraft:sneak_time":629,"minecraft:walk_under_water_one_cm":3578,"minecraft:jump":1091,"minecraft:walk_on_water_one_cm":2908,"minecraft:total_world_time":59133,"minecraft:fall_one_cm":36685},"minecraft:killed":{"naturalist:bluejay":1,"naturalist:snail":1,"minecraft:skeleton":2,"minecraft:sheep":8,"minecraft:zombie":4,"aquaculture:atlantic_herring":1,"minecraft:cow":5},"minecraft:picked_up":{"minecraft:magma_block":1,"minecraft:crafting_table":5,"minecraft:iron_chestplate":1,"minecraft:feather":4,"minecraft:brown_wool":1,"minecraft:leather":4,"ecologics:seashell":1,"minecraft:wooden_pickaxe":3,"biomesoplenty:violet":1,"minecraft:gold_block":3,"minecraft:oak_log":16,"minecraft:dirt":11,"minecraft:bone":7,"minecraft:sea_pickle":2,"minecraft:spruce_planks":1,"minecraft:beef":9,"minecraft:iron_ingot":8,"minecraft:stone_pickaxe":1,"biomesoplenty:magic_log":23,"minecraft:iron_pickaxe":2,"quark:yellow_blossom_sapling":1,"minecraft:oak_planks":18,"minecraft:iron_boots":2,"minecraft:furnace":6,"biomesoplenty:magic_sapling":3,"minecraft:stick":4,"minecraft:raw_iron":56,"minecraft:pumpkin":6,"minecraft:spruce_stairs":3,"quark:blossom_log":9,"minecraft:arrow":3,"minecraft:rotten_flesh":6,"minecraft:stone_axe":1,"minecraft:netherrack":113,"minecraft:mutton":9,"minecraft:coal":325,"minecraft:white_wool":7,"minecraft:cobblestone":295},"minecraft:crafted":{"minecraft:oak_planks":40,"minecraft:crafting_table":2,"minecraft:wooden_pickaxe":1,"minecraft:furnace":2,"minecraft:stone_axe":2,"minecraft:air":0,"minecraft:iron_boots":1,"minecraft:iron_chestplate":2,"minecraft:stick":12,"minecraft:iron_ingot":23,"minecraft:iron_pickaxe":1,"minecraft:stone_pickaxe":1,"biomesoplenty:magic_planks":4},"minecraft:killed_by":{"minecraft:zombie":2},"minecraft:dropped":{"biomesoplenty:magic_planks":4,"minecraft:rotten_flesh":1,"minecraft:spruce_stairs":1,"minecraft:dirt":8,"minecraft:sea_pickle":2,"minecraft:spruce_planks":1,"minecraft:magma_block":1},"minecraft:broken":{"minecraft:stone_pickaxe":1}},"DataVersion":3465}