{"stats":{"minecraft:used":{"minecraft:rotten_flesh":2,"minecraft:stone_axe":1,"minecraft:crafting_table":1,"minecraft:stone_pickaxe":22,"minecraft:wooden_pickaxe":8},"minecraft:picked_up":{"minecraft:raw_iron":5,"minecraft:crafting_table":1,"minecraft:rotten_flesh":3,"minecraft:oak_log":4,"minecraft:coal":9,"minecraft:cobblestone":16},"minecraft:crafted":{"minecraft:oak_planks":16,"minecraft:stone_axe":1,"minecraft:crafting_table":1,"minecraft:stick":8,"minecraft:wooden_pickaxe":1,"minecraft:stone_pickaxe":1},"minecraft:mined":{"minecraft:coal_ore":9,"minecraft:oak_log":4,"minecraft:iron_ore":5,"minecraft:stone":16,"minecraft:crafting_table":1},"minecraft:custom":{"minecraft:time_since_rest":13246,"minecraft:crouch_one_cm":191,"minecraft:play_time":13246,"minecraft:sprint_one_cm":8226,"minecraft:damage_taken":80,"minecraft:walk_one_cm":9345,"minecraft:sneak_time":141,"minecraft:drop":1,"minecraft:jump":34,"minecraft:leave_game":1,"minecraft:time_since_death":13246,"minecraft:total_world_time":13246,"minecraft:interact_with_crafting_table":2,"minecraft:fall_one_cm":1768,"minecraft:fly_one_cm":4293},"minecraft:dropped":{"minecraft:rotten_flesh":1}},"DataVersion":3465}