{"stats":{"minecraft:mined":{"minecraft:spruce_planks":1,"quark:yellow_blossom_leaves":4,"biomesoplenty:desert_grass":1,"minecraft:crafting_table":3,"minecraft:grass_block":1,"quark:blossom_log":10,"minecraft:tall_grass":2,"biomesoplenty:sprout":1,"biomesoplenty:huge_clover_petal":4,"minecraft:spruce_stairs":1,"minecraft:magma_block":1,"biomesoplenty:magic_leaves":2,"minecraft:furnace":2,"ecologics:seashell":1,"minecraft:iron_ore":47,"biomesoplenty:violet":1,"biomesoplenty:maple_leaves":2,"minecraft:pumpkin":6,"minecraft:gold_block":1,"biomesoplenty:magic_log":23,"biomesoplenty:clover":5,"minecraft:grass":7,"minecraft:oak_log":20,"minecraft:coal_ore":142,"biomesoplenty:high_grass":1,"minecraft:dirt":8,"minecraft:stone":141,"minecraft:netherrack":36,"minecraft:oak_leaves":15,"minecraft:fern":1},"minecraft:used":{"minecraft:stone_pickaxe":126,"minecraft:oak_planks":5,"minecraft:shield":5,"minecraft:wooden_pickaxe":11,"minecraft:iron_sword":35,"minecraft:rotten_flesh":4,"minecraft:netherrack":15,"minecraft:iron_chestplate":2,"minecraft:torch":42,"minecraft:dirt":3,"minecraft:crafting_table":5,"minecraft:white_bed":1,"minecraft:apple":4,"minecraft:bread":7,"minecraft:iron_pickaxe":250,"minecraft:iron_boots":1,"minecraft:stone_axe":144,"minecraft:cobblestone":41,"minecraft:oak_sapling":2,"minecraft:furnace":5,"minecraft:cooked_porkchop":4,"quark:oak_chest":2,"minecraft:cooked_beef":1,"minecraft:bone_meal":12},"minecraft:custom":{"minecraft:interact_with_furnace":28,"minecraft:mob_kills":35,"minecraft:interact_with_crafting_table":17,"minecraft:open_barrel":2,"minecraft:leave_game":2,"minecraft:time_since_death":39622,"minecraft:time_since_rest":41107,"minecraft:sprint_one_cm":213036,"minecraft:damage_blocked_by_shield":100,"minecraft:damage_taken":1510,"minecraft:walk_one_cm":120638,"minecraft:drop":11,"minecraft:damage_dealt":4589,"minecraft:swim_one_cm":14109,"minecraft:fly_one_cm":316905,"minecraft:open_chest":24,"minecraft:crouch_one_cm":4936,"minecraft:play_time":83133,"minecraft:deaths":3,"minecraft:sneak_time":1602,"minecraft:walk_under_water_one_cm":3578,"minecraft:jump":1543,"minecraft:walk_on_water_one_cm":2908,"minecraft:total_world_time":83133,"minecraft:fall_one_cm":56616},"minecraft:killed":{"minecraft:pig":3,"naturalist:bluejay":1,"naturalist:butterfly":1,"naturalist:snail":1,"minecraft:skeleton":2,"minecraft:sheep":8,"naturalist:deer":1,"minecraft:zombie":12,"aquaculture:atlantic_herring":1,"minecraft:cow":5},"minecraft:picked_up":{"minecraft:magma_block":1,"minecraft:crafting_table":5,"minecraft:iron_chestplate":1,"minecraft:feather":4,"minecraft:brown_wool":1,"minecraft:leather":4,"ecologics:seashell":1,"minecraft:wooden_pickaxe":3,"biomesoplenty:violet":1,"minecraft:gold_block":3,"minecraft:oak_log":26,"minecraft:dirt":11,"minecraft:bone":7,"minecraft:sea_pickle":2,"minecraft:spruce_planks":1,"minecraft:beef":9,"minecraft:iron_ingot":8,"minecraft:stone_pickaxe":1,"biomesoplenty:magic_log":23,"minecraft:iron_pickaxe":2,"quark:yellow_blossom_sapling":1,"minecraft:oak_planks":18,"minecraft:iron_boots":2,"minecraft:furnace":6,"biomesoplenty:magic_sapling":3,"minecraft:stick":5,"minecraft:raw_iron":74,"minecraft:pumpkin":6,"minecraft:spruce_stairs":3,"minecraft:porkchop":7,"quark:blossom_log":9,"minecraft:arrow":3,"minecraft:rotten_flesh":9,"naturalist:antler":1,"minecraft:stone_axe":1,"minecraft:oak_sapling":2,"minecraft:netherrack":113,"minecraft:mutton":9,"minecraft:coal":382,"minecraft:white_wool":11,"minecraft:cobblestone":305},"minecraft:crafted":{"minecraft:cooked_beef":9,"minecraft:oak_planks":80,"minecraft:cooked_porkchop":7,"minecraft:crafting_table":2,"minecraft:wooden_pickaxe":1,"minecraft:iron_sword":1,"minecraft:furnace":3,"minecraft:bone_meal":12,"minecraft:stone_axe":2,"minecraft:cooked_mutton":9,"minecraft:air":0,"minecraft:iron_boots":1,"minecraft:iron_chestplate":2,"minecraft:shield":1,"quark:oak_chest":2,"minecraft:stick":84,"minecraft:iron_ingot":30,"minecraft:iron_pickaxe":2,"minecraft:stone_pickaxe":1,"biomesoplenty:magic_planks":20,"minecraft:white_bed":1,"minecraft:torch":80},"minecraft:killed_by":{"minecraft:zombie":2},"minecraft:dropped":{"biomesoplenty:magic_planks":4,"minecraft:rotten_flesh":1,"minecraft:spruce_stairs":1,"minecraft:dirt":8,"minecraft:sea_pickle":2,"minecraft:spruce_planks":1,"minecraft:brown_wool":1,"minecraft:magma_block":1,"minecraft:white_wool":4},"minecraft:broken":{"minecraft:stone_pickaxe":1,"minecraft:iron_pickaxe":1}},"DataVersion":3465}