{"stats":{"minecraft:mined":{"minecraft:spruce_planks":1,"minecraft:white_bed":3,"quark:yellow_blossom_leaves":4,"biomesoplenty:desert_grass":3,"minecraft:grass_block":1,"minecraft:magma_block":1,"minecraft:furnace":5,"minecraft:iron_ore":106,"biomesoplenty:violet":1,"minecraft:pumpkin":6,"minecraft:gold_block":1,"biomesoplenty:magic_log":23,"biomesoplenty:high_grass":1,"minecraft:stone":149,"minecraft:glass_pane":2,"minecraft:crafting_table":5,"quark:blossom_log":10,"minecraft:tall_grass":2,"minecraft:cobblestone":2,"biomesoplenty:sprout":1,"biomesoplenty:huge_clover_petal":4,"minecraft:spruce_stairs":1,"biomesoplenty:magic_leaves":2,"ecologics:seashell":1,"minecraft:wheat":1,"biomesoplenty:maple_leaves":2,"minecraft:tnt":2,"minecraft:grass":14,"biomesoplenty:clover":5,"minecraft:oak_log":20,"minecraft:coal_ore":157,"minecraft:dirt":8,"minecraft:netherrack":36,"minecraft:oak_leaves":15,"minecraft:fern":1},"minecraft:used":{"minecraft:shield":13,"minecraft:iron_sword":94,"minecraft:rotten_flesh":4,"minecraft:netherrack":15,"minecraft:iron_chestplate":2,"minecraft:torch":67,"minecraft:dirt":3,"minecraft:iron_boots":1,"minecraft:furnace":5,"minecraft:oak_sapling":2,"minecraft:cooked_beef":3,"minecraft:iron_leggings":1,"minecraft:cooked_mutton":9,"minecraft:stone_pickaxe":126,"minecraft:oak_planks":5,"minecraft:wooden_pickaxe":11,"minecraft:crafting_table":6,"minecraft:white_bed":3,"minecraft:apple":5,"minecraft:chicken":2,"minecraft:bread":18,"minecraft:iron_pickaxe":341,"minecraft:stone_axe":147,"minecraft:cobblestone":72,"minecraft:cooked_porkchop":7,"quark:oak_chest":2,"minecraft:bone_meal":12,"minecraft:experience_bottle":2},"minecraft:custom":{"minecraft:mob_kills":51,"minecraft:interact_with_crafting_table":19,"minecraft:open_barrel":2,"minecraft:eat_cake_slice":2,"minecraft:leave_game":5,"minecraft:time_since_death":38226,"minecraft:sprint_one_cm":437102,"minecraft:walk_one_cm":247822,"minecraft:damage_blocked_by_shield":465,"minecraft:drop":23,"minecraft:talked_to_villager":2,"minecraft:play_time":147908,"minecraft:deaths":4,"minecraft:sneak_time":1837,"minecraft:walk_under_water_one_cm":3599,"minecraft:jump":2989,"minecraft:walk_on_water_one_cm":4451,"minecraft:total_world_time":147908,"minecraft:interact_with_furnace":39,"minecraft:sleep_in_bed":4,"minecraft:time_since_rest":3161,"minecraft:damage_taken":3009,"minecraft:damage_dealt":7389,"minecraft:swim_one_cm":17238,"minecraft:fly_one_cm":611187,"minecraft:open_chest":51,"minecraft:crouch_one_cm":5348,"minecraft:fall_one_cm":110392,"minecraft:horse_one_cm":3393},"minecraft:killed":{"naturalist:rattlesnake":1,"naturalist:snail":1,"minecraft:skeleton":4,"naturalist:deer":1,"minecraft:chicken":2,"aquaculture:atlantic_herring":1,"minecraft:pig":3,"naturalist:bear":1,"naturalist:bluejay":1,"naturalist:butterfly":1,"minecraft:sheep":9,"minecraft:zombie":21,"minecraft:cow":5},"minecraft:picked_up":{"minecraft:crafting_table":8,"minecraft:iron_chestplate":2,"minecraft:wheat":2,"minecraft:chicken":2,"minecraft:flower_pot":1,"ecologics:seashell":1,"minecraft:wooden_pickaxe":3,"minecraft:gold_block":4,"biomesoplenty:violet":1,"minecraft:enchanted_book":1,"minecraft:shield":1,"minecraft:string":1,"minecraft:iron_leggings":1,"minecraft:experience_bottle":2,"minecraft:sea_pickle":2,"minecraft:spruce_planks":1,"minecraft:beef":9,"minecraft:iron_pickaxe":3,"quark:yellow_blossom_sapling":2,"minecraft:iron_boots":3,"minecraft:furnace":9,"minecraft:stick":57,"minecraft:raw_iron":153,"minecraft:torch":13,"minecraft:spruce_stairs":3,"minecraft:porkchop":7,"quark:blossom_log":9,"minecraft:golden_axe":1,"minecraft:tnt":2,"minecraft:arrow":5,"minecraft:rotten_flesh":20,"minecraft:golden_hoe":1,"minecraft:mutton":10,"minecraft:white_wool":16,"minecraft:cobblestone":380,"minecraft:magma_block":1,"minecraft:feather":6,"minecraft:brown_wool":1,"minecraft:leather":8,"minecraft:potato":4,"minecraft:flint":9,"minecraft:oak_log":26,"minecraft:golden_boots":1,"minecraft:dirt":11,"minecraft:cooked_mutton":9,"minecraft:bone":9,"minecraft:acacia_planks":6,"minecraft:wheat_seeds":4,"minecraft:stone_pickaxe":1,"minecraft:iron_ingot":49,"biomesoplenty:magic_log":23,"minecraft:oak_planks":18,"minecraft:iron_sword":1,"biomesoplenty:magic_sapling":6,"minecraft:pumpkin":12,"minecraft:white_bed":4,"minecraft:acacia_stairs":2,"minecraft:red_terracotta":4,"naturalist:antler":2,"minecraft:stone_axe":2,"minecraft:iron_helmet":1,"minecraft:spruce_sign":1,"minecraft:oak_sapling":2,"minecraft:netherrack":113,"minecraft:coal":516},"minecraft:crafted":{"minecraft:oak_planks":80,"minecraft:furnace":3,"minecraft:bone_meal":12,"minecraft:cooked_mutton":9,"minecraft:iron_boots":1,"minecraft:stone_pickaxe":1,"biomesoplenty:magic_planks":20,"minecraft:cooked_beef":9,"minecraft:cooked_porkchop":7,"minecraft:crafting_table":2,"minecraft:wooden_pickaxe":1,"minecraft:iron_helmet":1,"minecraft:iron_sword":1,"minecraft:stone_axe":2,"minecraft:air":0,"minecraft:iron_chestplate":2,"minecraft:shield":1,"minecraft:stick":84,"quark:oak_chest":2,"minecraft:iron_ingot":82,"minecraft:iron_pickaxe":2,"minecraft:iron_leggings":1,"minecraft:white_bed":1,"minecraft:torch":80},"minecraft:killed_by":{"minecraft:zombie":3},"minecraft:broken":{"minecraft:stone_pickaxe":1,"minecraft:iron_pickaxe":1},"minecraft:dropped":{"biomesoplenty:magic_planks":4,"minecraft:spruce_stairs":1,"minecraft:cod":1,"minecraft:dirt":8,"minecraft:mutton":1,"minecraft:brown_wool":1,"minecraft:white_wool":4,"minecraft:stone_axe":1,"minecraft:wheat":2,"minecraft:rotten_flesh":6,"minecraft:potato":2,"minecraft:sea_pickle":2,"minecraft:spruce_planks":1,"minecraft:magma_block":1}},"DataVersion":3465}