{"stats":{"minecraft:picked_up":{"minecraft:stick":2,"minecraft:crafting_table":3,"minecraft:raw_iron":46,"minecraft:wooden_pickaxe":1,"minecraft:oak_log":5,"minecraft:dirt":3,"minecraft:bone":2,"minecraft:rotten_flesh":3,"minecraft:stone_pickaxe":1,"minecraft:netherrack":52,"minecraft:coal":120,"minecraft:cobblestone":154,"minecraft:furnace":2},"minecraft:killed_by":{"minecraft:zombie":1},"minecraft:used":{"minecraft:stone_pickaxe":123,"minecraft:iron_pickaxe":101,"minecraft:oak_planks":5,"minecraft:wooden_pickaxe":9,"minecraft:iron_boots":1,"minecraft:rotten_flesh":2,"minecraft:iron_chestplate":1,"minecraft:stone_axe":1,"minecraft:dirt":3,"minecraft:cobblestone":23,"minecraft:crafting_table":3,"minecraft:furnace":2},"minecraft:custom":{"minecraft:time_since_rest":9522,"minecraft:interact_with_furnace":8,"minecraft:sprint_one_cm":34590,"minecraft:damage_taken":425,"minecraft:walk_one_cm":30343,"minecraft:mob_kills":1,"minecraft:drop":1,"minecraft:damage_dealt":155,"minecraft:swim_one_cm":6851,"minecraft:interact_with_crafting_table":5,"minecraft:fly_one_cm":57205,"minecraft:crouch_one_cm":1180,"minecraft:play_time":30308,"minecraft:deaths":1,"minecraft:sneak_time":558,"minecraft:walk_under_water_one_cm":3054,"minecraft:jump":325,"minecraft:leave_game":1,"minecraft:time_since_death":9495,"minecraft:walk_on_water_one_cm":1383,"minecraft:total_world_time":30308,"minecraft:fall_one_cm":9479},"minecraft:crafted":{"minecraft:oak_planks":16,"minecraft:iron_boots":1,"minecraft:iron_chestplate":1,"minecraft:crafting_table":1,"minecraft:stick":8,"minecraft:iron_ingot":23,"minecraft:wooden_pickaxe":1,"minecraft:iron_pickaxe":1,"minecraft:stone_pickaxe":1,"minecraft:furnace":2,"minecraft:stone_axe":1,"minecraft:air":0},"minecraft:mined":{"minecraft:furnace":2,"minecraft:iron_ore":23,"minecraft:crafting_table":2,"minecraft:coal_ore":42,"minecraft:oak_log":5,"minecraft:dirt":3,"minecraft:stone":129,"minecraft:netherrack":27},"minecraft:dropped":{"minecraft:rotten_flesh":1},"minecraft:killed":{"aquaculture:atlantic_herring":1}},"DataVersion":3465}