{"stats":{"minecraft:mined":{"minecraft:spruce_planks":1,"minecraft:white_bed":4,"quark:yellow_blossom_leaves":4,"minecraft:jungle_leaves":1,"biomesoplenty:desert_grass":3,"minecraft:grass_block":2,"minecraft:magma_block":1,"minecraft:furnace":5,"minecraft:iron_ore":106,"biomesoplenty:violet":1,"minecraft:pumpkin":6,"minecraft:gold_block":2,"biomesoplenty:magic_log":23,"biomesoplenty:high_grass":1,"minecraft:bamboo":2,"minecraft:stone":149,"minecraft:glass_pane":2,"minecraft:crafting_table":5,"quark:blossom_log":10,"minecraft:tall_grass":2,"minecraft:cobblestone":4,"biomesoplenty:sprout":2,"biomesoplenty:huge_clover_petal":4,"minecraft:spruce_stairs":1,"biomesoplenty:magic_leaves":2,"ecologics:seashell":1,"minecraft:wheat":1,"biomesoplenty:maple_leaves":2,"minecraft:tnt":2,"minecraft:grass":18,"biomesoplenty:clover":5,"minecraft:oak_log":20,"minecraft:coal_ore":157,"minecraft:dirt":8,"minecraft:netherrack":37,"minecraft:oak_leaves":21,"minecraft:fern":1},"minecraft:used":{"minecraft:shield":13,"minecraft:iron_sword":108,"minecraft:rotten_flesh":4,"minecraft:netherrack":16,"minecraft:iron_chestplate":2,"minecraft:torch":67,"minecraft:dirt":3,"minecraft:iron_boots":1,"minecraft:furnace":5,"minecraft:oak_sapling":2,"minecraft:cooked_beef":3,"minecraft:iron_leggings":1,"minecraft:cooked_mutton":9,"minecraft:stone_pickaxe":126,"minecraft:oak_planks":5,"minecraft:wooden_pickaxe":11,"minecraft:crafting_table":6,"minecraft:white_bed":4,"minecraft:apple":5,"minecraft:chicken":2,"minecraft:bread":33,"minecraft:iron_pickaxe":352,"minecraft:stone_axe":147,"minecraft:cobblestone":88,"minecraft:cooked_porkchop":7,"quark:oak_chest":2,"minecraft:bone_meal":12,"minecraft:experience_bottle":2},"minecraft:custom":{"minecraft:mob_kills":55,"minecraft:interact_with_crafting_table":19,"minecraft:open_barrel":2,"minecraft:eat_cake_slice":2,"minecraft:leave_game":5,"minecraft:time_since_death":62226,"minecraft:climb_one_cm":3038,"minecraft:sprint_one_cm":539740,"minecraft:walk_one_cm":281355,"minecraft:damage_blocked_by_shield":465,"minecraft:drop":27,"minecraft:talked_to_villager":5,"minecraft:play_time":171908,"minecraft:deaths":4,"minecraft:sneak_time":2762,"minecraft:walk_under_water_one_cm":4283,"minecraft:jump":3734,"minecraft:walk_on_water_one_cm":7265,"minecraft:total_world_time":171908,"minecraft:interact_with_furnace":39,"minecraft:sleep_in_bed":6,"minecraft:time_since_rest":1234,"minecraft:damage_taken":3455,"minecraft:damage_dealt":7887,"minecraft:swim_one_cm":33358,"minecraft:fly_one_cm":748919,"minecraft:open_chest":58,"minecraft:crouch_one_cm":6950,"minecraft:fall_one_cm":140768,"minecraft:horse_one_cm":3393},"minecraft:killed":{"naturalist:rattlesnake":1,"naturalist:snail":1,"minecraft:skeleton":4,"naturalist:deer":2,"minecraft:chicken":2,"aquaculture:atlantic_herring":1,"minecraft:pig":3,"naturalist:bear":1,"naturalist:bluejay":1,"naturalist:butterfly":1,"minecraft:sheep":9,"minecraft:zombie":24,"minecraft:cow":5},"minecraft:picked_up":{"minecraft:crafting_table":8,"minecraft:iron_chestplate":2,"minecraft:wheat":2,"naturalist:venison":1,"minecraft:chicken":2,"minecraft:flower_pot":1,"ecologics:seashell":1,"minecraft:wooden_pickaxe":3,"minecraft:gold_block":5,"biomesoplenty:violet":1,"minecraft:enchanted_book":1,"minecraft:shield":1,"minecraft:string":1,"minecraft:iron_leggings":1,"minecraft:experience_bottle":2,"minecraft:sea_pickle":2,"minecraft:spruce_planks":1,"minecraft:beef":9,"minecraft:iron_pickaxe":3,"quark:yellow_blossom_sapling":3,"minecraft:iron_boots":3,"minecraft:furnace":9,"minecraft:stick":57,"minecraft:raw_iron":153,"minecraft:torch":13,"minecraft:spruce_stairs":3,"minecraft:porkchop":7,"quark:blossom_log":9,"minecraft:golden_axe":1,"minecraft:tnt":2,"minecraft:arrow":5,"minecraft:rotten_flesh":21,"minecraft:golden_hoe":1,"minecraft:mutton":10,"minecraft:white_wool":16,"minecraft:cobblestone":381,"minecraft:magma_block":1,"minecraft:feather":6,"minecraft:brown_wool":1,"minecraft:leather":8,"minecraft:potato":4,"minecraft:flint":9,"minecraft:oak_log":26,"minecraft:golden_boots":1,"minecraft:dirt":11,"minecraft:cooked_mutton":9,"minecraft:bone":9,"minecraft:acacia_planks":6,"minecraft:wheat_seeds":5,"minecraft:stone_pickaxe":1,"minecraft:iron_ingot":49,"biomesoplenty:magic_log":23,"minecraft:bamboo":6,"minecraft:oak_planks":18,"minecraft:iron_sword":1,"biomesoplenty:magic_sapling":6,"minecraft:pumpkin":12,"minecraft:white_bed":5,"minecraft:acacia_stairs":2,"minecraft:red_terracotta":4,"naturalist:antler":2,"minecraft:stone_axe":2,"minecraft:iron_helmet":1,"minecraft:spruce_sign":1,"minecraft:emerald":1,"minecraft:oak_sapling":2,"minecraft:netherrack":114,"minecraft:coal":516},"minecraft:crafted":{"minecraft:oak_planks":80,"minecraft:furnace":3,"minecraft:bone_meal":12,"minecraft:cooked_mutton":9,"minecraft:iron_boots":1,"minecraft:stone_pickaxe":1,"biomesoplenty:magic_planks":20,"minecraft:cooked_beef":9,"minecraft:cooked_porkchop":7,"minecraft:crafting_table":2,"minecraft:wooden_pickaxe":1,"minecraft:iron_helmet":1,"minecraft:iron_sword":1,"minecraft:stone_axe":2,"minecraft:air":0,"minecraft:iron_chestplate":2,"minecraft:shield":1,"minecraft:stick":84,"quark:oak_chest":2,"minecraft:iron_ingot":82,"minecraft:iron_pickaxe":2,"minecraft:iron_leggings":1,"minecraft:white_bed":1,"minecraft:torch":80},"minecraft:killed_by":{"minecraft:zombie":3},"minecraft:broken":{"minecraft:stone_pickaxe":1,"minecraft:iron_pickaxe":1},"minecraft:dropped":{"minecraft:wheat_seeds":4,"biomesoplenty:magic_planks":4,"minecraft:spruce_stairs":1,"minecraft:cod":1,"minecraft:dirt":8,"minecraft:mutton":1,"minecraft:brown_wool":1,"minecraft:string":1,"minecraft:white_wool":4,"quark:yellow_blossom_sapling":1,"minecraft:stone_axe":1,"minecraft:wheat":2,"minecraft:rotten_flesh":7,"minecraft:potato":2,"minecraft:sea_pickle":2,"minecraft:spruce_planks":1,"minecraft:magma_block":1}},"DataVersion":3465}