{"stats":{"minecraft:mined":{"minecraft:spruce_planks":1,"minecraft:white_bed":3,"quark:yellow_blossom_leaves":4,"biomesoplenty:desert_grass":2,"minecraft:crafting_table":5,"minecraft:grass_block":1,"quark:blossom_log":10,"minecraft:tall_grass":2,"minecraft:cobblestone":2,"biomesoplenty:sprout":1,"biomesoplenty:huge_clover_petal":4,"minecraft:spruce_stairs":1,"minecraft:magma_block":1,"biomesoplenty:magic_leaves":2,"minecraft:furnace":5,"ecologics:seashell":1,"minecraft:iron_ore":106,"biomesoplenty:violet":1,"minecraft:pumpkin":6,"biomesoplenty:maple_leaves":2,"minecraft:gold_block":1,"biomesoplenty:magic_log":23,"minecraft:grass":9,"biomesoplenty:clover":5,"minecraft:coal_ore":157,"minecraft:oak_log":20,"biomesoplenty:high_grass":1,"minecraft:dirt":8,"minecraft:stone":149,"minecraft:netherrack":36,"minecraft:oak_leaves":15,"minecraft:fern":1},"minecraft:used":{"minecraft:cooked_mutton":5,"minecraft:stone_pickaxe":126,"minecraft:oak_planks":5,"minecraft:wooden_pickaxe":11,"minecraft:shield":8,"minecraft:iron_sword":76,"minecraft:rotten_flesh":4,"minecraft:netherrack":15,"minecraft:iron_chestplate":2,"minecraft:torch":67,"minecraft:dirt":3,"minecraft:crafting_table":6,"minecraft:white_bed":3,"minecraft:apple":4,"minecraft:chicken":2,"minecraft:iron_pickaxe":339,"minecraft:bread":7,"minecraft:iron_boots":1,"minecraft:stone_axe":147,"minecraft:cobblestone":72,"minecraft:oak_sapling":2,"minecraft:furnace":5,"minecraft:cooked_porkchop":7,"quark:oak_chest":2,"minecraft:cooked_beef":3,"minecraft:bone_meal":12,"minecraft:iron_leggings":1},"minecraft:custom":{"minecraft:interact_with_furnace":39,"minecraft:mob_kills":48,"minecraft:interact_with_crafting_table":19,"minecraft:open_barrel":2,"minecraft:leave_game":5,"minecraft:time_since_death":14226,"minecraft:sleep_in_bed":2,"minecraft:time_since_rest":2475,"minecraft:sprint_one_cm":302566,"minecraft:damage_taken":2334,"minecraft:walk_one_cm":189101,"minecraft:damage_blocked_by_shield":320,"minecraft:drop":11,"minecraft:damage_dealt":6739,"minecraft:swim_one_cm":17238,"minecraft:fly_one_cm":462807,"minecraft:open_chest":29,"minecraft:play_time":123908,"minecraft:crouch_one_cm":5348,"minecraft:sneak_time":1831,"minecraft:deaths":4,"minecraft:walk_under_water_one_cm":3599,"minecraft:jump":2427,"minecraft:walk_on_water_one_cm":3522,"minecraft:total_world_time":123908,"minecraft:fall_one_cm":84475},"minecraft:killed":{"minecraft:pig":3,"naturalist:bluejay":1,"naturalist:butterfly":1,"naturalist:snail":1,"minecraft:sheep":8,"minecraft:skeleton":4,"naturalist:deer":1,"minecraft:zombie":21,"minecraft:chicken":2,"aquaculture:atlantic_herring":1,"minecraft:cow":5},"minecraft:picked_up":{"minecraft:iron_chestplate":2,"minecraft:crafting_table":8,"minecraft:magma_block":1,"minecraft:feather":6,"minecraft:chicken":2,"minecraft:leather":8,"minecraft:brown_wool":1,"ecologics:seashell":1,"minecraft:wooden_pickaxe":3,"minecraft:potato":2,"biomesoplenty:violet":1,"minecraft:gold_block":4,"minecraft:flint":9,"minecraft:oak_log":26,"minecraft:golden_boots":1,"minecraft:shield":1,"minecraft:dirt":11,"minecraft:iron_leggings":1,"minecraft:cooked_mutton":9,"minecraft:bone":9,"minecraft:sea_pickle":2,"minecraft:spruce_planks":1,"minecraft:iron_ingot":49,"minecraft:beef":9,"minecraft:stone_pickaxe":1,"biomesoplenty:magic_log":23,"minecraft:iron_pickaxe":3,"quark:yellow_blossom_sapling":2,"minecraft:iron_sword":1,"minecraft:oak_planks":18,"minecraft:iron_boots":3,"minecraft:furnace":9,"biomesoplenty:magic_sapling":6,"minecraft:stick":57,"minecraft:raw_iron":153,"minecraft:pumpkin":12,"minecraft:torch":13,"minecraft:spruce_stairs":3,"quark:blossom_log":9,"minecraft:porkchop":7,"minecraft:golden_axe":1,"minecraft:white_bed":4,"minecraft:arrow":5,"minecraft:rotten_flesh":20,"naturalist:antler":2,"minecraft:stone_axe":2,"minecraft:golden_hoe":1,"minecraft:iron_helmet":1,"minecraft:oak_sapling":2,"minecraft:netherrack":113,"minecraft:mutton":9,"minecraft:coal":516,"minecraft:white_wool":15,"minecraft:cobblestone":380},"minecraft:crafted":{"minecraft:cooked_beef":9,"minecraft:oak_planks":80,"minecraft:cooked_porkchop":7,"minecraft:crafting_table":2,"minecraft:wooden_pickaxe":1,"minecraft:iron_helmet":1,"minecraft:iron_sword":1,"minecraft:furnace":3,"minecraft:bone_meal":12,"minecraft:stone_axe":2,"minecraft:cooked_mutton":9,"minecraft:air":0,"minecraft:iron_boots":1,"minecraft:iron_chestplate":2,"minecraft:shield":1,"minecraft:stick":84,"quark:oak_chest":2,"minecraft:iron_ingot":82,"minecraft:iron_pickaxe":2,"minecraft:stone_pickaxe":1,"biomesoplenty:magic_planks":20,"minecraft:iron_leggings":1,"minecraft:white_bed":1,"minecraft:torch":80},"minecraft:killed_by":{"minecraft:zombie":3},"minecraft:dropped":{"biomesoplenty:magic_planks":4,"minecraft:rotten_flesh":1,"minecraft:spruce_stairs":1,"minecraft:dirt":8,"minecraft:sea_pickle":2,"minecraft:spruce_planks":1,"minecraft:brown_wool":1,"minecraft:magma_block":1,"minecraft:white_wool":4},"minecraft:broken":{"minecraft:stone_pickaxe":1,"minecraft:iron_pickaxe":1}},"DataVersion":3465}