{"stats":{"minecraft:mined":{"minecraft:white_bed":1,"quark:shale":3,"biomesoplenty:desert_grass":1,"minecraft:stripped_birch_log":38,"minecraft:glow_lichen":1,"minecraft:grass_block":1,"minecraft:infested_cobblestone":1,"minecraft:spruce_leaves":4,"minecraft:spawner":14,"minecraft:raw_iron_block":5,"minecraft:furnace":3,"mcwfurnitures:stripped_birch_desk":5,"minecraft:raw_gold_block":3,"minecraft:iron_ore":40,"minecraft:pumpkin":1,"minecraft:gold_block":1,"biomesoplenty:fir_door":3,"minecraft:pointed_dripstone":5,"biomesoplenty:barley":1,"minecraft:stone":133,"mcwfurnitures:stripped_birch_wardrobe":2,"mcwfurnitures:stripped_birch_table":4,"minecraft:powder_snow":44,"minecraft:crafting_table":3,"minecraft:emerald_ore":3,"biomesoplenty:fir_planks":23,"spelunkers_charm:dead_grass":1,"minecraft:tall_grass":2,"minecraft:cobblestone":41,"minecraft:lapis_ore":4,"minecraft:oak_planks":2,"minecraft:stone_stairs":2,"biomesoplenty:yellow_autumn_leaves":3,"minecraft:birch_log":79,"minecraft:blue_ice":19,"minecraft:ice":8,"biomesoplenty:fir_log":216,"minecraft:grass":10,"minecraft:oak_log":7,"minecraft:coal_ore":69,"biomesoplenty:fir_leaves":95,"minecraft:gravel":1,"minecraft:dripstone_block":10,"minecraft:cobweb":14,"mcwfurnitures:stripped_birch_counter":9,"minecraft:fern":8},"minecraft:used":{"mcwfurnitures:stripped_birch_counter":13,"minecraft:stone":14,"minecraft:shield":31,"minecraft:iron_sword":205,"mcwfurnitures:stripped_birch_table":8,"mcwfurnitures:stripped_birch_chair":8,"minecraft:iron_chestplate":2,"minecraft:torch":4,"minecraft:anvil":1,"minecraft:iron_axe":494,"minecraft:iron_boots":1,"minecraft:bow":4,"minecraft:sweet_berries":8,"minecraft:furnace":4,"minecraft:cooked_beef":12,"minecraft:iron_leggings":1,"minecraft:stone_pickaxe":61,"minecraft:baked_potato":2,"minecraft:oak_planks":13,"minecraft:wooden_pickaxe":11,"biomesoplenty:fir_planks":243,"mcwfurnitures:stripped_birch_desk":9,"minecraft:crafting_table":5,"minecraft:white_bed":2,"minecraft:bread":8,"minecraft:iron_pickaxe":264,"minecraft:cobblestone":136,"biomesoplenty:fir_door":6,"mcwfurnitures:stripped_birch_wardrobe":6,"minecraft:cooked_porkchop":8,"minecraft:birch_log":38,"biomesoplenty:fir_log":140,"minecraft:golden_pickaxe":30},"minecraft:custom":{"minecraft:interact_with_anvil":2,"minecraft:mob_kills":60,"minecraft:interact_with_crafting_table":39,"minecraft:open_barrel":23,"minecraft:interact_with_campfire":12,"minecraft:leave_game":6,"minecraft:time_since_death":5929,"minecraft:climb_one_cm":1393,"minecraft:sprint_one_cm":366232,"minecraft:walk_one_cm":524851,"minecraft:damage_blocked_by_shield":805,"minecraft:drop":8,"minecraft:play_time":193639,"minecraft:deaths":4,"minecraft:sneak_time":2060,"minecraft:walk_under_water_one_cm":34897,"minecraft:jump":3416,"minecraft:walk_on_water_one_cm":76332,"minecraft:total_world_time":193639,"minecraft:interact_with_furnace":20,"minecraft:sleep_in_bed":10,"minecraft:time_since_rest":562,"minecraft:damage_taken":2632,"minecraft:damage_dealt":8772,"minecraft:swim_one_cm":77155,"minecraft:fly_one_cm":760187,"minecraft:open_chest":64,"minecraft:crouch_one_cm":4476,"minecraft:fall_one_cm":83775},"minecraft:killed":{"minecraft:cave_spider":9,"aquaculture:bluegill":1,"minecraft:spider":6,"minecraft:skeleton":11,"minecraft:chicken":1,"minecraft:silverfish":3,"minecraft:pig":4,"minecraft:creeper":1,"minecraft:sheep":2,"minecraft:zombie":12,"minecraft:stray":4,"minecraft:cow":5},"minecraft:picked_up":{"minecraft:iron_chestplate":2,"minecraft:crafting_table":3,"mcwfurnitures:stripped_birch_table":4,"minecraft:chicken":1,"minecraft:enchanted_book":7,"minecraft:gold_block":1,"minecraft:shield":1,"minecraft:string":41,"biomesoplenty:fir_door":5,"minecraft:stone_stairs":3,"minecraft:iron_axe":2,"biomesoplenty:yellow_autumn_sapling":1,"mcwfurnitures:stripped_birch_desk":5,"minecraft:iron_leggings":2,"minecraft:gold_nugget":22,"aquaculture:bluegill":1,"biomesoplenty:fir_planks":121,"minecraft:beef":12,"minecraft:iron_nugget":10,"minecraft:iron_pickaxe":2,"minecraft:iron_boots":2,"minecraft:furnace":3,"minecraft:stick":23,"minecraft:raw_iron":40,"minecraft:stone":20,"minecraft:raw_gold_block":6,"minecraft:copper_ingot":5,"minecraft:torch":4,"mcwfurnitures:stripped_birch_counter":9,"aquaculture:perch":4,"mcwfurnitures:stripped_birch_wardrobe":2,"minecraft:porkchop":10,"minecraft:pointed_dripstone":7,"minecraft:arrow":17,"minecraft:rotten_flesh":13,"minecraft:iron_block":4,"minecraft:gold_ingot":7,"minecraft:mutton":6,"minecraft:skeleton_skull":2,"minecraft:white_wool":2,"minecraft:cobblestone":179,"minecraft:birch_log":76,"minecraft:feather":2,"minecraft:cooked_beef":2,"minecraft:leather":2,"minecraft:potato":4,"biomesoplenty:fir_log":208,"biomesoplenty:fir_sapling":10,"minecraft:oak_log":7,"minecraft:cobblestone_wall":2,"minecraft:stripped_birch_log":38,"minecraft:lapis_lazuli":27,"minecraft:dirt":2,"minecraft:bone":8,"minecraft:bow":2,"minecraft:wheat_seeds":4,"minecraft:iron_ingot":6,"minecraft:diamond_helmet":1,"minecraft:oak_planks":2,"minecraft:iron_sword":3,"minecraft:cooked_porkchop":4,"minecraft:pumpkin":1,"minecraft:sweet_berries":7,"minecraft:dripstone_block":10,"minecraft:raw_iron_block":7,"minecraft:white_bed":1,"minecraft:spider_eye":6,"minecraft:diamond":5,"minecraft:iron_helmet":1,"minecraft:bread":24,"minecraft:emerald":3,"minecraft:baked_potato":8,"minecraft:coal":130},"minecraft:crafted":{"minecraft:oak_planks":28,"minecraft:raw_iron":27,"quark:birch_chest":1,"mcwfurnitures:stripped_birch_coffee_table":4,"minecraft:birch_slab":12,"minecraft:furnace":1,"minecraft:iron_boots":1,"minecraft:iron_axe":2,"mcwfurnitures:stripped_birch_table":4,"minecraft:stone_pickaxe":1,"mcwfurnitures:cabinet_door":1,"minecraft:cooked_beef":12,"minecraft:diamond_sword":1,"minecraft:cooked_porkchop":10,"minecraft:crafting_table":2,"minecraft:wooden_pickaxe":1,"minecraft:iron_helmet":1,"minecraft:iron_sword":1,"minecraft:birch_planks":64,"mcwfurnitures:stripped_birch_counter":4,"biomesoplenty:fir_planks":272,"minecraft:iron_chestplate":1,"minecraft:shield":1,"mcwfurnitures:stripped_birch_chair":8,"minecraft:birch_fence":30,"minecraft:stick":44,"mcwfurnitures:stripped_birch_desk":4,"minecraft:iron_ingot":41,"minecraft:iron_pickaxe":2,"minecraft:iron_leggings":1,"minecraft:anvil":1,"minecraft:white_bed":1,"mcwfurnitures:stripped_birch_wardrobe":4,"minecraft:torch":24,"biomesoplenty:fir_door":6},"minecraft:broken":{"minecraft:iron_axe":1},"minecraft:dropped":{"minecraft:iron_sword":1,"minecraft:dripstone_block":10,"minecraft:leather":2,"minecraft:gold_block":1,"minecraft:pointed_dripstone":7,"minecraft:stone_stairs":1,"minecraft:stone":6}},"DataVersion":3465}