{"stats":{"minecraft:used":{"minecraft:stone_pickaxe":61,"minecraft:baked_potato":2,"minecraft:iron_pickaxe":4,"minecraft:shield":2,"minecraft:wooden_pickaxe":11,"minecraft:iron_sword":31,"minecraft:iron_chestplate":1,"minecraft:crafting_table":2,"minecraft:furnace":2},"minecraft:mined":{"minecraft:furnace":1,"minecraft:iron_ore":40,"minecraft:crafting_table":2,"minecraft:emerald_ore":3,"minecraft:grass":5,"minecraft:oak_log":7,"minecraft:grass_block":1,"minecraft:coal_ore":15,"minecraft:tall_grass":2,"minecraft:stone":14,"minecraft:fern":4},"minecraft:crafted":{"minecraft:oak_planks":28,"minecraft:cooked_porkchop":7,"minecraft:iron_chestplate":1,"minecraft:iron_boots":1,"minecraft:shield":1,"minecraft:crafting_table":1,"minecraft:stick":8,"minecraft:iron_pickaxe":1,"minecraft:wooden_pickaxe":1,"minecraft:iron_ingot":32,"minecraft:iron_helmet":1,"minecraft:stone_pickaxe":1,"minecraft:iron_sword":1,"minecraft:iron_leggings":1,"minecraft:furnace":1,"minecraft:torch":4},"minecraft:custom":{"minecraft:time_since_rest":20695,"minecraft:interact_with_furnace":13,"minecraft:sprint_one_cm":34015,"minecraft:damage_taken":41,"minecraft:walk_one_cm":65693,"minecraft:damage_blocked_by_shield":65,"minecraft:mob_kills":11,"minecraft:damage_dealt":1600,"minecraft:interact_with_crafting_table":7,"minecraft:fly_one_cm":59469,"minecraft:open_barrel":1,"minecraft:crouch_one_cm":1,"minecraft:play_time":20695,"minecraft:sneak_time":5,"minecraft:jump":282,"minecraft:leave_game":1,"minecraft:time_since_death":20695,"minecraft:total_world_time":20695,"minecraft:fall_one_cm":9753},"minecraft:picked_up":{"minecraft:raw_iron":40,"minecraft:crafting_table":2,"minecraft:porkchop":10,"minecraft:oak_log":7,"minecraft:string":2,"minecraft:spider_eye":2,"minecraft:dirt":1,"minecraft:rotten_flesh":1,"minecraft:bow":1,"minecraft:wheat_seeds":1,"minecraft:beef":3,"minecraft:emerald":3,"minecraft:coal":15,"minecraft:cobblestone":14,"minecraft:furnace":1},"minecraft:killed":{"minecraft:skeleton":1,"minecraft:pig":4,"minecraft:zombie":2,"minecraft:spider":3,"minecraft:cow":1}},"DataVersion":3465}