{"stats":{"minecraft:crafted":{"minecraft:cooked_beef":12,"minecraft:oak_planks":28,"minecraft:raw_iron":27,"mcwfurnitures:stripped_birch_coffee_table":4,"quark:birch_chest":1,"minecraft:cooked_porkchop":10,"minecraft:crafting_table":1,"minecraft:wooden_pickaxe":1,"minecraft:iron_helmet":1,"minecraft:iron_sword":1,"minecraft:birch_slab":12,"minecraft:furnace":1,"mcwfurnitures:stripped_birch_counter":4,"minecraft:birch_planks":64,"biomesoplenty:fir_planks":272,"minecraft:iron_boots":1,"minecraft:iron_chestplate":1,"minecraft:shield":1,"mcwfurnitures:stripped_birch_chair":8,"minecraft:iron_axe":2,"mcwfurnitures:stripped_birch_table":4,"minecraft:birch_fence":30,"minecraft:stick":36,"mcwfurnitures:stripped_birch_desk":4,"minecraft:iron_ingot":32,"minecraft:iron_pickaxe":1,"minecraft:stone_pickaxe":1,"minecraft:iron_leggings":1,"minecraft:white_bed":1,"mcwfurnitures:stripped_birch_wardrobe":4,"mcwfurnitures:cabinet_door":1,"minecraft:torch":20,"biomesoplenty:fir_door":3},"minecraft:broken":{"minecraft:iron_axe":1},"minecraft:mined":{"minecraft:white_bed":1,"mcwfurnitures:stripped_birch_table":4,"quark:shale":3,"minecraft:stripped_birch_log":38,"biomesoplenty:desert_grass":1,"minecraft:powder_snow":14,"minecraft:crafting_table":3,"minecraft:glow_lichen":1,"minecraft:emerald_ore":3,"biomesoplenty:fir_planks":17,"minecraft:grass_block":1,"spelunkers_charm:dead_grass":1,"minecraft:tall_grass":2,"minecraft:cobblestone":41,"minecraft:lapis_ore":4,"minecraft:oak_planks":2,"minecraft:spawner":6,"minecraft:stone_stairs":1,"minecraft:raw_iron_block":3,"minecraft:furnace":3,"mcwfurnitures:stripped_birch_desk":5,"biomesoplenty:yellow_autumn_leaves":3,"minecraft:birch_log":79,"minecraft:iron_ore":40,"minecraft:blue_ice":19,"minecraft:ice":5,"biomesoplenty:fir_log":216,"minecraft:gold_block":1,"minecraft:grass":9,"minecraft:oak_log":7,"minecraft:coal_ore":15,"biomesoplenty:fir_leaves":95,"minecraft:gravel":1,"minecraft:cobweb":6,"biomesoplenty:barley":1,"minecraft:stone":106,"mcwfurnitures:stripped_birch_wardrobe":2,"mcwfurnitures:stripped_birch_counter":9,"minecraft:fern":8},"minecraft:dropped":{"minecraft:leather":2,"minecraft:gold_block":1},"minecraft:used":{"mcwfurnitures:stripped_birch_counter":13,"minecraft:stone_pickaxe":61,"minecraft:oak_planks":13,"minecraft:baked_potato":2,"minecraft:wooden_pickaxe":11,"minecraft:shield":25,"mcwfurnitures:stripped_birch_chair":8,"mcwfurnitures:stripped_birch_table":8,"minecraft:iron_sword":131,"biomesoplenty:fir_planks":202,"mcwfurnitures:stripped_birch_desk":9,"minecraft:iron_chestplate":1,"minecraft:torch":4,"minecraft:crafting_table":4,"minecraft:white_bed":2,"minecraft:iron_axe":491,"minecraft:iron_pickaxe":183,"minecraft:bow":4,"minecraft:cobblestone":134,"biomesoplenty:fir_door":2,"mcwfurnitures:stripped_birch_wardrobe":6,"minecraft:sweet_berries":8,"minecraft:furnace":4,"minecraft:cooked_porkchop":8,"minecraft:birch_log":38,"minecraft:cooked_beef":8,"biomesoplenty:fir_log":140},"minecraft:killed":{"minecraft:cave_spider":6,"minecraft:pig":4,"aquaculture:bluegill":1,"minecraft:spider":6,"minecraft:creeper":1,"minecraft:sheep":2,"minecraft:skeleton":6,"minecraft:zombie":10,"minecraft:chicken":1,"minecraft:stray":2,"minecraft:cow":5},"minecraft:custom":{"minecraft:interact_with_furnace":19,"minecraft:mob_kills":44,"minecraft:interact_with_crafting_table":32,"minecraft:open_barrel":12,"minecraft:leave_game":5,"minecraft:time_since_death":121988,"minecraft:sleep_in_bed":6,"minecraft:climb_one_cm":403,"minecraft:time_since_rest":6674,"minecraft:sprint_one_cm":220111,"minecraft:damage_taken":1168,"minecraft:walk_one_cm":341705,"minecraft:damage_blocked_by_shield":595,"minecraft:drop":3,"minecraft:damage_dealt":6230,"minecraft:swim_one_cm":52154,"minecraft:fly_one_cm":418261,"minecraft:open_chest":42,"minecraft:crouch_one_cm":3991,"minecraft:play_time":121988,"minecraft:sneak_time":1425,"minecraft:walk_under_water_one_cm":17790,"minecraft:jump":2176,"minecraft:walk_on_water_one_cm":32279,"minecraft:total_world_time":121988,"minecraft:fall_one_cm":45265},"minecraft:picked_up":{"minecraft:birch_log":76,"minecraft:crafting_table":3,"mcwfurnitures:stripped_birch_table":4,"minecraft:feather":2,"minecraft:chicken":1,"minecraft:leather":2,"minecraft:gold_block":1,"biomesoplenty:fir_sapling":10,"biomesoplenty:fir_log":208,"minecraft:oak_log":7,"minecraft:stripped_birch_log":38,"minecraft:dirt":1,"minecraft:lapis_lazuli":27,"minecraft:string":17,"mcwfurnitures:stripped_birch_desk":5,"biomesoplenty:yellow_autumn_sapling":1,"minecraft:bone":4,"minecraft:bow":1,"minecraft:wheat_seeds":3,"aquaculture:bluegill":1,"biomesoplenty:fir_planks":17,"minecraft:iron_ingot":1,"minecraft:beef":12,"minecraft:oak_planks":2,"minecraft:furnace":3,"minecraft:stick":10,"minecraft:raw_iron":40,"minecraft:sweet_berries":7,"mcwfurnitures:stripped_birch_wardrobe":2,"mcwfurnitures:stripped_birch_counter":9,"minecraft:raw_iron_block":3,"aquaculture:perch":4,"minecraft:porkchop":10,"minecraft:white_bed":1,"minecraft:spider_eye":4,"minecraft:arrow":5,"minecraft:rotten_flesh":9,"minecraft:emerald":3,"minecraft:mutton":3,"minecraft:white_wool":2,"minecraft:coal":22,"minecraft:cobblestone":147}},"DataVersion":3465}