{"stats":{"minecraft:mined":{"minecraft:white_bed":1,"quark:shale":3,"mcwfurnitures:stripped_birch_table":4,"biomesoplenty:desert_grass":1,"minecraft:stripped_birch_log":38,"minecraft:powder_snow":29,"minecraft:crafting_table":3,"minecraft:glow_lichen":1,"minecraft:emerald_ore":3,"minecraft:grass_block":1,"biomesoplenty:fir_planks":17,"minecraft:infested_cobblestone":1,"spelunkers_charm:dead_grass":1,"minecraft:tall_grass":2,"minecraft:cobblestone":41,"minecraft:lapis_ore":4,"minecraft:oak_planks":2,"minecraft:spawner":14,"minecraft:stone_stairs":1,"minecraft:raw_iron_block":5,"minecraft:raw_gold_block":3,"minecraft:furnace":3,"mcwfurnitures:stripped_birch_desk":5,"minecraft:birch_log":79,"biomesoplenty:yellow_autumn_leaves":3,"minecraft:iron_ore":40,"minecraft:ice":6,"minecraft:blue_ice":19,"biomesoplenty:fir_log":216,"minecraft:gold_block":1,"minecraft:grass":9,"biomesoplenty:fir_door":2,"minecraft:coal_ore":69,"minecraft:oak_log":7,"biomesoplenty:fir_leaves":95,"minecraft:gravel":1,"minecraft:cobweb":14,"biomesoplenty:barley":1,"minecraft:stone":119,"mcwfurnitures:stripped_birch_wardrobe":2,"mcwfurnitures:stripped_birch_counter":9,"minecraft:fern":8},"minecraft:used":{"mcwfurnitures:stripped_birch_counter":13,"minecraft:baked_potato":2,"minecraft:oak_planks":13,"minecraft:stone_pickaxe":61,"minecraft:wooden_pickaxe":11,"minecraft:shield":31,"mcwfurnitures:stripped_birch_chair":8,"mcwfurnitures:stripped_birch_table":8,"minecraft:iron_sword":189,"biomesoplenty:fir_planks":207,"mcwfurnitures:stripped_birch_desk":9,"minecraft:torch":4,"minecraft:iron_chestplate":1,"minecraft:crafting_table":5,"minecraft:white_bed":2,"minecraft:bread":2,"minecraft:iron_axe":493,"minecraft:iron_pickaxe":264,"biomesoplenty:fir_door":6,"minecraft:cobblestone":136,"minecraft:bow":4,"mcwfurnitures:stripped_birch_wardrobe":6,"minecraft:sweet_berries":8,"minecraft:furnace":4,"minecraft:cooked_porkchop":8,"minecraft:birch_log":38,"minecraft:cooked_beef":10,"biomesoplenty:fir_log":140},"minecraft:custom":{"minecraft:interact_with_furnace":20,"minecraft:mob_kills":59,"minecraft:interact_with_crafting_table":35,"minecraft:open_barrel":23,"minecraft:leave_game":6,"minecraft:time_since_death":145639,"minecraft:sleep_in_bed":7,"minecraft:climb_one_cm":711,"minecraft:time_since_rest":23148,"minecraft:sprint_one_cm":262804,"minecraft:damage_taken":1441,"minecraft:walk_one_cm":409711,"minecraft:damage_blocked_by_shield":805,"minecraft:drop":3,"minecraft:damage_dealt":8637,"minecraft:swim_one_cm":73211,"minecraft:fly_one_cm":465477,"minecraft:open_chest":52,"minecraft:crouch_one_cm":3991,"minecraft:play_time":145639,"minecraft:sneak_time":1466,"minecraft:walk_under_water_one_cm":28465,"minecraft:jump":2432,"minecraft:walk_on_water_one_cm":58985,"minecraft:total_world_time":145639,"minecraft:fall_one_cm":50353},"minecraft:killed":{"minecraft:cave_spider":9,"minecraft:pig":4,"aquaculture:bluegill":1,"minecraft:spider":6,"minecraft:creeper":1,"minecraft:sheep":2,"minecraft:skeleton":11,"minecraft:zombie":11,"minecraft:chicken":1,"minecraft:stray":4,"minecraft:silverfish":3,"minecraft:cow":5},"minecraft:picked_up":{"minecraft:birch_log":76,"minecraft:crafting_table":3,"mcwfurnitures:stripped_birch_table":4,"minecraft:feather":2,"minecraft:chicken":1,"minecraft:leather":2,"biomesoplenty:fir_sapling":10,"biomesoplenty:fir_log":208,"minecraft:gold_block":1,"biomesoplenty:fir_door":2,"minecraft:oak_log":7,"minecraft:cobblestone_wall":2,"minecraft:dirt":2,"minecraft:lapis_lazuli":27,"minecraft:stripped_birch_log":38,"minecraft:string":29,"minecraft:stone_stairs":2,"mcwfurnitures:stripped_birch_desk":5,"biomesoplenty:yellow_autumn_sapling":1,"minecraft:bone":8,"minecraft:bow":1,"minecraft:wheat_seeds":3,"aquaculture:bluegill":1,"biomesoplenty:fir_planks":17,"minecraft:iron_ingot":1,"minecraft:beef":12,"minecraft:oak_planks":2,"minecraft:furnace":3,"minecraft:raw_iron":40,"minecraft:stick":14,"minecraft:raw_gold_block":3,"minecraft:sweet_berries":7,"mcwfurnitures:stripped_birch_counter":9,"mcwfurnitures:stripped_birch_wardrobe":2,"minecraft:raw_iron_block":5,"aquaculture:perch":4,"minecraft:porkchop":10,"minecraft:white_bed":1,"minecraft:spider_eye":6,"minecraft:arrow":11,"minecraft:rotten_flesh":11,"minecraft:emerald":3,"minecraft:skeleton_skull":1,"minecraft:mutton":3,"minecraft:coal":76,"minecraft:white_wool":2,"minecraft:cobblestone":164},"minecraft:crafted":{"minecraft:cooked_beef":12,"minecraft:oak_planks":28,"minecraft:raw_iron":27,"quark:birch_chest":1,"mcwfurnitures:stripped_birch_coffee_table":4,"minecraft:cooked_porkchop":10,"minecraft:crafting_table":2,"minecraft:iron_helmet":1,"minecraft:wooden_pickaxe":1,"minecraft:iron_sword":1,"minecraft:birch_slab":12,"minecraft:furnace":1,"mcwfurnitures:stripped_birch_counter":4,"minecraft:birch_planks":64,"biomesoplenty:fir_planks":272,"minecraft:iron_boots":1,"minecraft:iron_chestplate":1,"minecraft:shield":1,"mcwfurnitures:stripped_birch_chair":8,"minecraft:iron_axe":2,"mcwfurnitures:stripped_birch_table":4,"minecraft:birch_fence":30,"minecraft:stick":44,"mcwfurnitures:stripped_birch_desk":4,"minecraft:iron_ingot":41,"minecraft:iron_pickaxe":2,"minecraft:stone_pickaxe":1,"minecraft:iron_leggings":1,"minecraft:white_bed":1,"mcwfurnitures:stripped_birch_wardrobe":4,"mcwfurnitures:cabinet_door":1,"minecraft:torch":24,"biomesoplenty:fir_door":6},"minecraft:broken":{"minecraft:iron_axe":1},"minecraft:dropped":{"minecraft:leather":2,"minecraft:gold_block":1}},"DataVersion":3465}