{"stats":{"minecraft:used":{"minecraft:stone_pickaxe":61,"minecraft:baked_potato":2,"minecraft:shield":21,"minecraft:wooden_pickaxe":11,"minecraft:iron_sword":109,"minecraft:iron_chestplate":1,"minecraft:torch":1,"minecraft:crafting_table":3,"minecraft:white_bed":1,"minecraft:iron_pickaxe":153,"minecraft:cobblestone":18,"minecraft:sweet_berries":8,"minecraft:furnace":3,"minecraft:cooked_porkchop":8,"minecraft:cooked_beef":1},"minecraft:mined":{"quark:shale":3,"biomesoplenty:desert_grass":1,"minecraft:crafting_table":2,"minecraft:glow_lichen":1,"minecraft:emerald_ore":3,"minecraft:grass_block":1,"spelunkers_charm:dead_grass":1,"minecraft:tall_grass":2,"minecraft:cobblestone":29,"minecraft:lapis_ore":4,"minecraft:spawner":6,"minecraft:stone_stairs":1,"minecraft:raw_iron_block":3,"minecraft:furnace":2,"minecraft:iron_ore":40,"minecraft:blue_ice":19,"minecraft:ice":5,"minecraft:gold_block":1,"minecraft:grass":5,"minecraft:oak_log":7,"minecraft:coal_ore":15,"minecraft:cobweb":6,"minecraft:stone":90,"minecraft:fern":4},"minecraft:crafted":{"minecraft:cooked_beef":12,"minecraft:oak_planks":28,"minecraft:raw_iron":27,"minecraft:cooked_porkchop":10,"minecraft:crafting_table":1,"minecraft:wooden_pickaxe":1,"minecraft:iron_helmet":1,"minecraft:iron_sword":1,"minecraft:furnace":1,"minecraft:iron_boots":1,"minecraft:iron_chestplate":1,"minecraft:shield":1,"minecraft:stick":8,"minecraft:iron_ingot":32,"minecraft:iron_pickaxe":1,"minecraft:stone_pickaxe":1,"minecraft:iron_leggings":1,"minecraft:white_bed":1,"minecraft:torch":4},"minecraft:custom":{"minecraft:interact_with_furnace":18,"minecraft:mob_kills":35,"minecraft:interact_with_crafting_table":9,"minecraft:open_barrel":11,"minecraft:leave_game":3,"minecraft:time_since_death":60230,"minecraft:sleep_in_bed":1,"minecraft:climb_one_cm":403,"minecraft:time_since_rest":3985,"minecraft:sprint_one_cm":125126,"minecraft:damage_taken":812,"minecraft:walk_one_cm":178469,"minecraft:damage_blocked_by_shield":505,"minecraft:drop":3,"minecraft:damage_dealt":5060,"minecraft:swim_one_cm":52154,"minecraft:fly_one_cm":233325,"minecraft:open_chest":16,"minecraft:crouch_one_cm":749,"minecraft:play_time":60230,"minecraft:sneak_time":565,"minecraft:walk_under_water_one_cm":17688,"minecraft:jump":1125,"minecraft:walk_on_water_one_cm":31428,"minecraft:total_world_time":60230,"minecraft:fall_one_cm":29436},"minecraft:picked_up":{"minecraft:crafting_table":2,"minecraft:feather":2,"minecraft:chicken":1,"minecraft:leather":2,"minecraft:gold_block":1,"minecraft:oak_log":7,"minecraft:string":14,"minecraft:lapis_lazuli":27,"minecraft:dirt":1,"minecraft:bone":3,"minecraft:bow":1,"minecraft:wheat_seeds":1,"aquaculture:bluegill":1,"minecraft:iron_ingot":1,"minecraft:beef":12,"minecraft:furnace":2,"minecraft:raw_iron":40,"minecraft:stick":6,"minecraft:sweet_berries":7,"minecraft:raw_iron_block":3,"aquaculture:perch":4,"minecraft:porkchop":10,"minecraft:spider_eye":3,"minecraft:arrow":4,"minecraft:rotten_flesh":9,"minecraft:emerald":3,"minecraft:coal":22,"minecraft:cobblestone":119},"minecraft:dropped":{"minecraft:leather":2,"minecraft:gold_block":1},"minecraft:killed":{"minecraft:cave_spider":6,"minecraft:pig":4,"aquaculture:bluegill":1,"minecraft:spider":3,"minecraft:skeleton":5,"minecraft:zombie":8,"minecraft:chicken":1,"minecraft:stray":2,"minecraft:cow":5}},"DataVersion":3465}