{"stats":{"minecraft:mined":{"minecraft:grass":1,"minecraft:grass_block":1,"minecraft:oak_log":1,"minecraft:fern":4},"minecraft:custom":{"minecraft:jump":66,"minecraft:time_since_rest":3042,"minecraft:leave_game":1,"minecraft:damage_dealt":20,"minecraft:sprint_one_cm":13480,"minecraft:play_time":3042,"minecraft:time_since_death":3042,"minecraft:walk_one_cm":8223,"minecraft:total_world_time":3042,"minecraft:fly_one_cm":7483,"minecraft:open_barrel":1},"minecraft:picked_up":{"minecraft:oak_log":1,"minecraft:wheat_seeds":1,"minecraft:dirt":1}},"DataVersion":3465}