{"stats":{"minecraft:used":{"minecraft:stone_pickaxe":61,"minecraft:baked_potato":2,"minecraft:iron_pickaxe":15,"minecraft:shield":6,"minecraft:wooden_pickaxe":11,"minecraft:iron_sword":43,"minecraft:iron_chestplate":1,"minecraft:sweet_berries":2,"minecraft:crafting_table":2,"minecraft:furnace":2,"minecraft:cooked_porkchop":2},"minecraft:mined":{"minecraft:raw_iron_block":1,"minecraft:furnace":2,"minecraft:iron_ore":40,"minecraft:crafting_table":2,"minecraft:emerald_ore":3,"minecraft:grass":5,"minecraft:oak_log":7,"minecraft:grass_block":1,"minecraft:coal_ore":15,"minecraft:tall_grass":2,"minecraft:lapis_ore":4,"minecraft:stone":18,"minecraft:fern":4,"minecraft:spawner":1},"minecraft:crafted":{"minecraft:oak_planks":28,"minecraft:cooked_porkchop":10,"minecraft:iron_chestplate":1,"minecraft:iron_boots":1,"minecraft:shield":1,"minecraft:crafting_table":1,"minecraft:stick":8,"minecraft:iron_pickaxe":1,"minecraft:wooden_pickaxe":1,"minecraft:iron_ingot":32,"minecraft:iron_helmet":1,"minecraft:stone_pickaxe":1,"minecraft:iron_sword":1,"minecraft:iron_leggings":1,"minecraft:furnace":1,"minecraft:torch":4},"minecraft:custom":{"minecraft:time_since_rest":32695,"minecraft:interact_with_furnace":15,"minecraft:sprint_one_cm":70961,"minecraft:damage_taken":221,"minecraft:walk_one_cm":103904,"minecraft:damage_blocked_by_shield":180,"minecraft:mob_kills":15,"minecraft:damage_dealt":2230,"minecraft:swim_one_cm":28269,"minecraft:interact_with_crafting_table":7,"minecraft:fly_one_cm":138076,"minecraft:open_chest":3,"minecraft:open_barrel":2,"minecraft:crouch_one_cm":47,"minecraft:play_time":32695,"minecraft:sneak_time":58,"minecraft:walk_under_water_one_cm":4900,"minecraft:jump":621,"minecraft:leave_game":1,"minecraft:walk_on_water_one_cm":8677,"minecraft:time_since_death":32695,"minecraft:total_world_time":32695,"minecraft:fall_one_cm":21424},"minecraft:picked_up":{"minecraft:stick":1,"minecraft:raw_iron":40,"minecraft:crafting_table":2,"minecraft:sweet_berries":7,"minecraft:raw_iron_block":1,"aquaculture:perch":4,"minecraft:porkchop":10,"minecraft:oak_log":7,"minecraft:lapis_lazuli":27,"minecraft:string":2,"minecraft:spider_eye":2,"minecraft:dirt":1,"minecraft:bone":2,"minecraft:arrow":4,"minecraft:rotten_flesh":1,"minecraft:bow":1,"aquaculture:bluegill":1,"minecraft:wheat_seeds":1,"minecraft:beef":3,"minecraft:emerald":3,"minecraft:coal":22,"minecraft:cobblestone":18,"minecraft:furnace":2},"minecraft:killed":{"minecraft:skeleton":2,"minecraft:pig":4,"minecraft:zombie":2,"aquaculture:bluegill":1,"minecraft:stray":2,"minecraft:spider":3,"minecraft:cow":1}},"DataVersion":3465}