{"stats":{"minecraft:mined":{"minecraft:white_bed":1,"quark:shale":3,"biomesoplenty:desert_grass":1,"minecraft:stripped_birch_log":38,"minecraft:glow_lichen":1,"minecraft:grass_block":3,"minecraft:infested_cobblestone":1,"minecraft:spruce_leaves":4,"biomesoplenty:tundra_shrub":2,"minecraft:spawner":14,"minecraft:raw_iron_block":5,"minecraft:furnace":3,"mcwfurnitures:stripped_birch_desk":5,"minecraft:raw_gold_block":3,"minecraft:iron_ore":40,"minecraft:pumpkin":1,"minecraft:gold_block":1,"biomesoplenty:fir_door":3,"minecraft:pointed_dripstone":5,"biomesoplenty:barley":1,"minecraft:stone":135,"mcwfurnitures:stripped_birch_wardrobe":2,"mcwfurnitures:stripped_birch_table":4,"minecraft:powder_snow":69,"minecraft:crafting_table":3,"minecraft:emerald_ore":3,"biomesoplenty:fir_planks":23,"spelunkers_charm:dead_grass":1,"minecraft:tall_grass":2,"minecraft:cobblestone":41,"minecraft:lapis_ore":4,"minecraft:oak_planks":2,"minecraft:stone_stairs":2,"biomesoplenty:yellow_autumn_leaves":3,"minecraft:birch_log":79,"minecraft:blue_ice":19,"minecraft:ice":8,"biomesoplenty:fir_log":216,"minecraft:grass":10,"minecraft:oak_log":7,"minecraft:coal_ore":69,"biomesoplenty:fir_leaves":95,"minecraft:gravel":1,"minecraft:dripstone_block":10,"minecraft:dirt":2,"minecraft:cobweb":14,"mcwfurnitures:stripped_birch_counter":9,"minecraft:fern":8},"minecraft:used":{"mcwfurnitures:stripped_birch_counter":13,"minecraft:stone":14,"minecraft:shield":31,"mcwfurnitures:stripped_birch_table":8,"minecraft:iron_sword":226,"mcwfurnitures:stripped_birch_chair":8,"minecraft:torch":4,"minecraft:iron_chestplate":2,"minecraft:dirt":3,"minecraft:anvil":1,"minecraft:iron_axe":494,"minecraft:iron_boots":1,"minecraft:bow":4,"minecraft:sweet_berries":8,"minecraft:furnace":4,"minecraft:cooked_beef":12,"minecraft:iron_leggings":1,"minecraft:baked_potato":2,"minecraft:birch_planks":12,"minecraft:stone_pickaxe":61,"minecraft:oak_planks":13,"minecraft:wooden_pickaxe":11,"biomesoplenty:fir_planks":243,"mcwfurnitures:stripped_birch_desk":9,"minecraft:crafting_table":5,"minecraft:white_bed":2,"minecraft:bread":11,"minecraft:iron_pickaxe":264,"biomesoplenty:fir_door":6,"minecraft:cobblestone":136,"mcwfurnitures:stripped_birch_wardrobe":6,"minecraft:grindstone":1,"minecraft:cooked_porkchop":8,"minecraft:birch_log":38,"biomesoplenty:fir_log":140,"minecraft:golden_pickaxe":32},"minecraft:custom":{"minecraft:interact_with_anvil":2,"minecraft:mob_kills":62,"minecraft:interact_with_crafting_table":40,"minecraft:open_barrel":38,"minecraft:interact_with_campfire":12,"minecraft:leave_game":7,"minecraft:time_since_death":34173,"minecraft:climb_one_cm":1393,"minecraft:sprint_one_cm":401821,"minecraft:walk_one_cm":560485,"minecraft:damage_blocked_by_shield":805,"minecraft:drop":8,"minecraft:talked_to_villager":1,"minecraft:play_time":221883,"minecraft:deaths":4,"minecraft:sneak_time":2060,"minecraft:walk_under_water_one_cm":34961,"minecraft:jump":3803,"minecraft:walk_on_water_one_cm":76501,"minecraft:total_world_time":221883,"minecraft:interact_with_furnace":26,"minecraft:interact_with_grindstone":1,"minecraft:sleep_in_bed":10,"minecraft:time_since_rest":28806,"minecraft:damage_taken":2650,"minecraft:damage_dealt":9012,"minecraft:swim_one_cm":77155,"minecraft:fly_one_cm":882643,"minecraft:open_chest":69,"minecraft:crouch_one_cm":4476,"minecraft:fall_one_cm":93120},"minecraft:killed":{"minecraft:cave_spider":9,"aquaculture:bluegill":1,"minecraft:spider":6,"minecraft:skeleton":11,"minecraft:chicken":2,"minecraft:silverfish":3,"minecraft:pig":4,"minecraft:creeper":1,"minecraft:sheep":2,"minecraft:zombie":13,"minecraft:stray":4,"minecraft:cow":5},"minecraft:picked_up":{"minecraft:crafting_table":3,"minecraft:iron_chestplate":2,"mcwfurnitures:stripped_birch_table":4,"minecraft:chicken":2,"minecraft:gold_block":1,"minecraft:enchanted_book":7,"minecraft:shield":1,"biomesoplenty:fir_door":5,"minecraft:string":41,"minecraft:stone_stairs":3,"minecraft:iron_axe":2,"mcwfurnitures:stripped_birch_desk":5,"biomesoplenty:yellow_autumn_sapling":1,"minecraft:iron_leggings":2,"aquaculture:bluegill":1,"minecraft:gold_nugget":22,"biomesoplenty:fir_planks":121,"minecraft:beef":12,"minecraft:iron_nugget":10,"minecraft:iron_pickaxe":2,"minecraft:furnace":3,"minecraft:iron_boots":2,"minecraft:stick":23,"minecraft:raw_iron":40,"minecraft:stone":22,"minecraft:raw_gold_block":6,"minecraft:copper_ingot":5,"minecraft:torch":4,"mcwfurnitures:stripped_birch_counter":9,"mcwfurnitures:stripped_birch_wardrobe":2,"aquaculture:perch":4,"minecraft:porkchop":10,"minecraft:pointed_dripstone":7,"minecraft:arrow":17,"minecraft:rotten_flesh":13,"minecraft:iron_block":4,"minecraft:gold_ingot":7,"minecraft:mutton":6,"minecraft:skeleton_skull":2,"minecraft:white_wool":2,"minecraft:cobblestone":179,"minecraft:birch_log":76,"minecraft:feather":3,"minecraft:cooked_beef":2,"minecraft:leather":2,"minecraft:potato":4,"biomesoplenty:fir_sapling":10,"biomesoplenty:fir_log":208,"minecraft:oak_log":7,"minecraft:cobblestone_wall":2,"minecraft:stripped_birch_log":38,"minecraft:lapis_lazuli":27,"minecraft:dirt":6,"minecraft:bone":8,"minecraft:bow":2,"minecraft:wheat_seeds":4,"minecraft:iron_ingot":6,"minecraft:diamond_helmet":1,"minecraft:iron_sword":3,"minecraft:oak_planks":2,"minecraft:cooked_porkchop":4,"minecraft:pumpkin":1,"minecraft:sweet_berries":7,"minecraft:raw_iron_block":7,"minecraft:dripstone_block":10,"minecraft:white_bed":1,"minecraft:spider_eye":6,"minecraft:diamond":5,"minecraft:iron_helmet":1,"minecraft:emerald":3,"minecraft:bread":24,"minecraft:baked_potato":8,"minecraft:coal":130},"minecraft:crafted":{"minecraft:grindstone":1,"minecraft:oak_planks":28,"minecraft:raw_iron":27,"quark:birch_chest":1,"mcwfurnitures:stripped_birch_coffee_table":4,"minecraft:birch_slab":12,"minecraft:furnace":1,"minecraft:stone":1,"minecraft:iron_boots":1,"minecraft:iron_axe":2,"mcwfurnitures:stripped_birch_table":4,"minecraft:stone_pickaxe":1,"mcwfurnitures:cabinet_door":1,"minecraft:cooked_beef":12,"minecraft:diamond_sword":1,"minecraft:cooked_porkchop":10,"minecraft:crafting_table":2,"minecraft:iron_helmet":1,"minecraft:wooden_pickaxe":1,"minecraft:baked_potato":10,"minecraft:iron_sword":1,"minecraft:birch_planks":88,"mcwfurnitures:stripped_birch_counter":4,"biomesoplenty:fir_planks":272,"minecraft:iron_chestplate":1,"minecraft:shield":1,"mcwfurnitures:stripped_birch_chair":8,"minecraft:birch_fence":30,"minecraft:stick":48,"minecraft:stone_slab":6,"mcwfurnitures:stripped_birch_desk":4,"minecraft:iron_ingot":41,"minecraft:iron_pickaxe":2,"minecraft:iron_leggings":1,"minecraft:anvil":1,"minecraft:white_bed":1,"mcwfurnitures:stripped_birch_wardrobe":4,"minecraft:torch":24,"biomesoplenty:fir_door":6},"minecraft:broken":{"minecraft:iron_axe":1,"minecraft:golden_pickaxe":1},"minecraft:dropped":{"minecraft:iron_sword":1,"minecraft:dripstone_block":10,"minecraft:leather":2,"minecraft:gold_block":1,"minecraft:pointed_dripstone":7,"minecraft:stone_stairs":1,"minecraft:stone":6}},"DataVersion":3465}