{"stats":{"minecraft:used":{"minecraft:stone_pickaxe":61,"minecraft:baked_potato":2,"minecraft:shield":16,"minecraft:wooden_pickaxe":11,"minecraft:iron_sword":87,"minecraft:iron_chestplate":1,"minecraft:torch":1,"minecraft:crafting_table":2,"minecraft:iron_pickaxe":37,"minecraft:cobblestone":10,"minecraft:sweet_berries":8,"minecraft:furnace":2,"minecraft:cooked_porkchop":6},"minecraft:mined":{"minecraft:crafting_table":2,"minecraft:emerald_ore":3,"minecraft:grass_block":1,"spelunkers_charm:dead_grass":1,"minecraft:tall_grass":2,"minecraft:lapis_ore":4,"minecraft:spawner":6,"minecraft:stone_stairs":1,"minecraft:raw_iron_block":3,"minecraft:furnace":2,"minecraft:iron_ore":40,"minecraft:blue_ice":4,"minecraft:ice":1,"minecraft:grass":5,"minecraft:oak_log":7,"minecraft:coal_ore":15,"minecraft:cobweb":6,"minecraft:stone":27,"minecraft:fern":4},"minecraft:crafted":{"minecraft:oak_planks":28,"minecraft:cooked_porkchop":10,"minecraft:crafting_table":1,"minecraft:wooden_pickaxe":1,"minecraft:iron_helmet":1,"minecraft:iron_sword":1,"minecraft:furnace":1,"minecraft:iron_boots":1,"minecraft:iron_chestplate":1,"minecraft:shield":1,"minecraft:stick":8,"minecraft:iron_ingot":32,"minecraft:iron_pickaxe":1,"minecraft:stone_pickaxe":1,"minecraft:iron_leggings":1,"minecraft:torch":4},"minecraft:custom":{"minecraft:interact_with_furnace":15,"minecraft:mob_kills":26,"minecraft:interact_with_crafting_table":7,"minecraft:open_barrel":9,"minecraft:leave_game":2,"minecraft:time_since_death":45249,"minecraft:climb_one_cm":403,"minecraft:time_since_rest":45249,"minecraft:sprint_one_cm":92760,"minecraft:damage_taken":602,"minecraft:walk_one_cm":143931,"minecraft:damage_blocked_by_shield":375,"minecraft:damage_dealt":3950,"minecraft:swim_one_cm":42141,"minecraft:fly_one_cm":148768,"minecraft:open_chest":11,"minecraft:crouch_one_cm":551,"minecraft:play_time":45249,"minecraft:sneak_time":315,"minecraft:walk_under_water_one_cm":12711,"minecraft:jump":736,"minecraft:walk_on_water_one_cm":27736,"minecraft:total_world_time":45249,"minecraft:fall_one_cm":21635},"minecraft:picked_up":{"minecraft:crafting_table":2,"minecraft:oak_log":7,"minecraft:string":14,"minecraft:lapis_lazuli":27,"minecraft:dirt":1,"minecraft:bone":3,"minecraft:bow":1,"minecraft:wheat_seeds":1,"aquaculture:bluegill":1,"minecraft:beef":3,"minecraft:furnace":2,"minecraft:raw_iron":40,"minecraft:stick":6,"minecraft:sweet_berries":7,"minecraft:raw_iron_block":3,"aquaculture:perch":4,"minecraft:porkchop":10,"minecraft:spider_eye":3,"minecraft:arrow":4,"minecraft:rotten_flesh":6,"minecraft:emerald":3,"minecraft:coal":22,"minecraft:cobblestone":26},"minecraft:killed":{"minecraft:cave_spider":6,"minecraft:pig":4,"aquaculture:bluegill":1,"minecraft:spider":3,"minecraft:skeleton":4,"minecraft:zombie":5,"minecraft:stray":2,"minecraft:cow":1}},"DataVersion":3465}