{"stats":{"minecraft:mined":{"minecraft:white_bed":1,"quark:shale":3,"mcwfurnitures:stripped_birch_table":4,"biomesoplenty:desert_grass":1,"minecraft:stripped_birch_log":38,"minecraft:powder_snow":29,"minecraft:crafting_table":3,"minecraft:glow_lichen":1,"minecraft:emerald_ore":3,"minecraft:grass_block":1,"biomesoplenty:fir_planks":17,"spelunkers_charm:dead_grass":1,"minecraft:tall_grass":2,"minecraft:cobblestone":41,"minecraft:lapis_ore":4,"minecraft:oak_planks":2,"minecraft:spawner":7,"minecraft:stone_stairs":1,"minecraft:raw_iron_block":3,"minecraft:furnace":3,"mcwfurnitures:stripped_birch_desk":5,"minecraft:birch_log":79,"biomesoplenty:yellow_autumn_leaves":3,"minecraft:iron_ore":40,"minecraft:ice":5,"minecraft:blue_ice":19,"biomesoplenty:fir_log":216,"minecraft:gold_block":1,"minecraft:grass":9,"minecraft:coal_ore":15,"minecraft:oak_log":7,"biomesoplenty:fir_leaves":95,"minecraft:gravel":1,"minecraft:cobweb":6,"biomesoplenty:barley":1,"minecraft:stone":110,"mcwfurnitures:stripped_birch_wardrobe":2,"mcwfurnitures:stripped_birch_counter":9,"minecraft:fern":8},"minecraft:used":{"mcwfurnitures:stripped_birch_counter":13,"minecraft:baked_potato":2,"minecraft:oak_planks":13,"minecraft:stone_pickaxe":61,"minecraft:wooden_pickaxe":11,"minecraft:shield":25,"mcwfurnitures:stripped_birch_chair":8,"mcwfurnitures:stripped_birch_table":8,"minecraft:iron_sword":143,"biomesoplenty:fir_planks":207,"mcwfurnitures:stripped_birch_desk":9,"minecraft:torch":4,"minecraft:iron_chestplate":1,"minecraft:crafting_table":4,"minecraft:white_bed":2,"minecraft:iron_axe":491,"minecraft:iron_pickaxe":188,"biomesoplenty:fir_door":2,"minecraft:cobblestone":136,"minecraft:bow":4,"mcwfurnitures:stripped_birch_wardrobe":6,"minecraft:sweet_berries":8,"minecraft:furnace":4,"minecraft:cooked_porkchop":8,"minecraft:birch_log":38,"minecraft:cooked_beef":9,"biomesoplenty:fir_log":140},"minecraft:custom":{"minecraft:interact_with_furnace":20,"minecraft:mob_kills":46,"minecraft:interact_with_crafting_table":34,"minecraft:open_barrel":12,"minecraft:leave_game":6,"minecraft:time_since_death":129455,"minecraft:sleep_in_bed":7,"minecraft:climb_one_cm":403,"minecraft:time_since_rest":6964,"minecraft:sprint_one_cm":237924,"minecraft:damage_taken":1251,"minecraft:walk_one_cm":366349,"minecraft:damage_blocked_by_shield":595,"minecraft:drop":3,"minecraft:damage_dealt":6630,"minecraft:swim_one_cm":52154,"minecraft:fly_one_cm":460689,"minecraft:open_chest":43,"minecraft:crouch_one_cm":3991,"minecraft:play_time":129455,"minecraft:sneak_time":1425,"minecraft:walk_under_water_one_cm":17790,"minecraft:jump":2348,"minecraft:walk_on_water_one_cm":33459,"minecraft:total_world_time":129455,"minecraft:fall_one_cm":50084},"minecraft:killed":{"minecraft:cave_spider":6,"minecraft:pig":4,"aquaculture:bluegill":1,"minecraft:spider":6,"minecraft:creeper":1,"minecraft:sheep":2,"minecraft:skeleton":6,"minecraft:zombie":10,"minecraft:chicken":1,"minecraft:stray":4,"minecraft:cow":5},"minecraft:picked_up":{"minecraft:birch_log":76,"minecraft:crafting_table":3,"mcwfurnitures:stripped_birch_table":4,"minecraft:feather":2,"minecraft:chicken":1,"minecraft:leather":2,"biomesoplenty:fir_sapling":10,"biomesoplenty:fir_log":208,"minecraft:gold_block":1,"minecraft:oak_log":7,"minecraft:dirt":1,"minecraft:lapis_lazuli":27,"minecraft:stripped_birch_log":38,"minecraft:string":17,"mcwfurnitures:stripped_birch_desk":5,"biomesoplenty:yellow_autumn_sapling":1,"minecraft:bone":4,"minecraft:bow":1,"minecraft:wheat_seeds":3,"aquaculture:bluegill":1,"biomesoplenty:fir_planks":17,"minecraft:iron_ingot":1,"minecraft:beef":12,"minecraft:oak_planks":2,"minecraft:furnace":3,"minecraft:raw_iron":40,"minecraft:stick":10,"minecraft:sweet_berries":7,"mcwfurnitures:stripped_birch_counter":9,"mcwfurnitures:stripped_birch_wardrobe":2,"minecraft:raw_iron_block":3,"aquaculture:perch":4,"minecraft:porkchop":10,"minecraft:white_bed":1,"minecraft:spider_eye":4,"minecraft:arrow":6,"minecraft:rotten_flesh":9,"minecraft:emerald":3,"minecraft:mutton":3,"minecraft:coal":22,"minecraft:white_wool":2,"minecraft:cobblestone":151},"minecraft:crafted":{"minecraft:cooked_beef":12,"minecraft:oak_planks":28,"minecraft:raw_iron":27,"quark:birch_chest":1,"mcwfurnitures:stripped_birch_coffee_table":4,"minecraft:cooked_porkchop":10,"minecraft:crafting_table":1,"minecraft:iron_helmet":1,"minecraft:wooden_pickaxe":1,"minecraft:iron_sword":1,"minecraft:birch_slab":12,"minecraft:furnace":1,"mcwfurnitures:stripped_birch_counter":4,"minecraft:birch_planks":64,"biomesoplenty:fir_planks":272,"minecraft:iron_boots":1,"minecraft:iron_chestplate":1,"minecraft:shield":1,"mcwfurnitures:stripped_birch_chair":8,"minecraft:iron_axe":2,"mcwfurnitures:stripped_birch_table":4,"minecraft:birch_fence":30,"minecraft:stick":44,"mcwfurnitures:stripped_birch_desk":4,"minecraft:iron_ingot":41,"minecraft:iron_pickaxe":2,"minecraft:stone_pickaxe":1,"minecraft:iron_leggings":1,"minecraft:white_bed":1,"mcwfurnitures:stripped_birch_wardrobe":4,"mcwfurnitures:cabinet_door":1,"minecraft:torch":24,"biomesoplenty:fir_door":3},"minecraft:broken":{"minecraft:iron_axe":1},"minecraft:dropped":{"minecraft:leather":2,"minecraft:gold_block":1}},"DataVersion":3465}