{"stats":{"minecraft:mined":{"minecraft:tuff":34,"minecraft:white_bed":1,"quark:shale":3,"minecraft:deepslate_diamond_ore":15,"biomesoplenty:desert_grass":1,"minecraft:stripped_birch_log":38,"minecraft:glow_lichen":1,"minecraft:grass_block":6,"minecraft:infested_cobblestone":1,"minecraft:polished_andesite_slab":1,"minecraft:spruce_leaves":4,"biomesoplenty:tundra_shrub":2,"minecraft:spawner":18,"minecraft:raw_iron_block":5,"minecraft:magma_block":5,"minecraft:furnace":3,"mcwfurnitures:stripped_birch_desk":5,"minecraft:raw_gold_block":3,"minecraft:iron_ore":41,"minecraft:cobbled_deepslate":1,"minecraft:stripped_spruce_log":4,"minecraft:pumpkin":1,"minecraft:gold_block":1,"biomesoplenty:fir_door":3,"minecraft:pointed_dripstone":5,"biomesoplenty:webbing":8,"biomesoplenty:barley":1,"minecraft:stone":304,"biomesoplenty:spider_egg":7,"mcwfurnitures:stripped_birch_wardrobe":2,"minecraft:blackstone":2,"mcwfurnitures:stripped_birch_table":4,"minecraft:soul_lantern":1,"minecraft:powder_snow":149,"biomesoplenty:hanging_cobweb_strand":1,"minecraft:crafting_table":5,"minecraft:emerald_ore":3,"biomesoplenty:fir_planks":23,"spelunkers_charm:dead_grass":1,"minecraft:copper_ore":2,"minecraft:tall_grass":2,"minecraft:cobblestone":50,"spelunkers_charm:deepslate_geyser":3,"minecraft:lapis_ore":4,"minecraft:oak_planks":7,"minecraft:diorite":154,"minecraft:stone_stairs":2,"biomesoplenty:yellow_autumn_leaves":3,"minecraft:birch_log":79,"spelunkers_charm:deepslate_rock_pile_3":1,"minecraft:ice":13,"minecraft:blue_ice":19,"biomesoplenty:fir_log":216,"minecraft:grass":14,"minecraft:oak_log":7,"minecraft:coal_ore":77,"biomesoplenty:fir_leaves":95,"minecraft:gravel":2,"minecraft:dirt":10,"minecraft:dripstone_block":10,"biomesoplenty:stringy_cobweb":4,"minecraft:cobweb":42,"mcwfurnitures:stripped_birch_counter":9,"minecraft:deepslate":141,"minecraft:fern":8},"minecraft:used":{"mcwfurnitures:stripped_birch_counter":13,"minecraft:stone":14,"minecraft:shield":55,"mcwfurnitures:stripped_birch_table":8,"minecraft:iron_sword":385,"mcwfurnitures:stripped_birch_chair":8,"minecraft:torch":16,"minecraft:iron_chestplate":4,"minecraft:dirt":11,"minecraft:anvil":1,"minecraft:tuff":24,"minecraft:iron_axe":494,"minecraft:iron_boots":3,"minecraft:bow":4,"minecraft:sweet_berries":11,"minecraft:furnace":4,"minecraft:cooked_beef":20,"minecraft:cobbled_deepslate":107,"minecraft:iron_leggings":2,"minecraft:diorite":16,"minecraft:baked_potato":19,"minecraft:birch_planks":35,"minecraft:stone_pickaxe":113,"minecraft:oak_planks":13,"minecraft:wooden_pickaxe":22,"mcwfurnitures:stripped_birch_desk":9,"biomesoplenty:fir_planks":244,"ironchest:copper_chest":1,"minecraft:crafting_table":8,"minecraft:white_bed":2,"minecraft:diamond_pickaxe":37,"minecraft:black_wool":1,"minecraft:bread":37,"minecraft:iron_pickaxe":736,"minecraft:diamond_sword":79,"biomesoplenty:fir_door":6,"minecraft:cobblestone":193,"mcwfurnitures:stripped_birch_wardrobe":6,"minecraft:grindstone":1,"minecraft:cooked_porkchop":9,"minecraft:birch_log":38,"biomesoplenty:fir_log":140,"minecraft:golden_pickaxe":32},"minecraft:custom":{"minecraft:interact_with_anvil":2,"minecraft:mob_kills":123,"minecraft:interact_with_crafting_table":59,"minecraft:open_barrel":39,"minecraft:interact_with_campfire":12,"minecraft:leave_game":10,"minecraft:time_since_death":21364,"minecraft:climb_one_cm":1393,"minecraft:sprint_one_cm":806475,"minecraft:walk_one_cm":953784,"minecraft:damage_blocked_by_shield":1600,"minecraft:drop":15,"minecraft:talked_to_villager":1,"minecraft:play_time":375352,"minecraft:deaths":8,"minecraft:sneak_time":6784,"minecraft:walk_under_water_one_cm":49015,"minecraft:jump":6551,"minecraft:walk_on_water_one_cm":106903,"minecraft:total_world_time":375352,"minecraft:interact_with_furnace":32,"minecraft:interact_with_grindstone":1,"minecraft:sleep_in_bed":13,"minecraft:time_since_rest":21415,"minecraft:damage_taken":5815,"minecraft:damage_dealt":20016,"minecraft:swim_one_cm":77155,"minecraft:fly_one_cm":1500652,"minecraft:open_chest":74,"minecraft:crouch_one_cm":14025,"minecraft:fall_one_cm":164011},"minecraft:killed":{"minecraft:cave_spider":21,"minecraft:witch":1,"aquaculture:bluegill":1,"minecraft:spider":13,"minecraft:skeleton":26,"minecraft:chicken":2,"minecraft:silverfish":3,"minecraft:pig":4,"minecraft:creeper":3,"minecraft:sheep":3,"minecraft:zombie":32,"minecraft:stray":4,"minecraft:enderman":1,"minecraft:cow":5},"minecraft:picked_up":{"minecraft:crafting_table":5,"minecraft:iron_chestplate":3,"mcwfurnitures:stripped_birch_table":4,"minecraft:chicken":2,"minecraft:diamond_sword":1,"spelunkers_charm:deepslate_rock":4,"minecraft:gold_block":1,"minecraft:enchanted_book":7,"minecraft:shield":1,"minecraft:string":85,"biomesoplenty:fir_door":5,"minecraft:stone_stairs":3,"minecraft:raw_copper":7,"minecraft:iron_axe":3,"mcwfurnitures:stripped_birch_desk":5,"biomesoplenty:yellow_autumn_sapling":1,"minecraft:iron_leggings":3,"minecraft:armor_stand":1,"aquaculture:bluegill":1,"minecraft:gold_nugget":22,"minecraft:cobbled_deepslate":146,"biomesoplenty:fir_planks":140,"minecraft:beef":12,"minecraft:iron_nugget":10,"minecraft:iron_pickaxe":2,"minecraft:iron_boots":3,"minecraft:furnace":3,"minecraft:stick":23,"minecraft:raw_iron":41,"minecraft:stone":22,"minecraft:raw_gold_block":6,"minecraft:copper_ingot":5,"mcwfurnitures:stripped_birch_counter":9,"minecraft:torch":5,"mcwfurnitures:stripped_birch_wardrobe":2,"aquaculture:perch":4,"minecraft:porkchop":10,"minecraft:pointed_dripstone":7,"minecraft:diorite":154,"minecraft:tnt":3,"minecraft:arrow":29,"minecraft:rotten_flesh":32,"minecraft:iron_block":4,"minecraft:gold_ingot":7,"minecraft:mutton":7,"minecraft:skeleton_skull":2,"minecraft:white_wool":2,"minecraft:cobblestone":353,"minecraft:birch_log":76,"minecraft:magma_block":5,"minecraft:feather":3,"minecraft:cooked_beef":2,"minecraft:glow_ink_sac":3,"minecraft:leather":2,"minecraft:potato":4,"biomesoplenty:fir_sapling":10,"minecraft:birch_planks":10,"biomesoplenty:fir_log":208,"minecraft:tuff":37,"minecraft:oak_log":7,"minecraft:cobblestone_wall":2,"minecraft:gunpowder":5,"minecraft:stripped_birch_log":38,"minecraft:lapis_lazuli":27,"minecraft:dirt":17,"minecraft:bone":19,"minecraft:bow":3,"minecraft:wheat_seeds":4,"minecraft:iron_ingot":6,"minecraft:diamond_helmet":1,"minecraft:iron_sword":3,"minecraft:oak_planks":8,"minecraft:cooked_porkchop":6,"minecraft:pumpkin":1,"minecraft:sweet_berries":11,"minecraft:dripstone_block":10,"minecraft:raw_iron_block":7,"minecraft:gravel":1,"minecraft:stripped_spruce_log":4,"minecraft:white_bed":1,"minecraft:spider_eye":10,"minecraft:diamond":22,"minecraft:soul_lantern":2,"minecraft:iron_helmet":1,"minecraft:emerald":3,"minecraft:bread":31,"minecraft:baked_potato":20,"minecraft:black_wool":1,"minecraft:coal":138,"minecraft:ender_pearl":1},"minecraft:crafted":{"minecraft:grindstone":1,"minecraft:oak_planks":28,"minecraft:raw_iron":27,"quark:birch_chest":2,"mcwfurnitures:stripped_birch_coffee_table":4,"minecraft:birch_slab":12,"minecraft:furnace":1,"minecraft:stone":1,"minecraft:cooked_mutton":3,"minecraft:iron_boots":3,"minecraft:iron_axe":3,"mcwfurnitures:stripped_birch_table":4,"minecraft:stone_pickaxe":4,"mcwfurnitures:cabinet_door":1,"minecraft:cooked_beef":12,"minecraft:diamond_sword":2,"minecraft:cooked_porkchop":10,"minecraft:crafting_table":5,"minecraft:spruce_planks":16,"minecraft:iron_helmet":3,"minecraft:wooden_pickaxe":3,"minecraft:baked_potato":43,"minecraft:iron_sword":1,"ironchest:copper_chest":1,"mcwfurnitures:stripped_birch_counter":4,"minecraft:birch_planks":112,"biomesoplenty:fir_planks":272,"minecraft:iron_chestplate":3,"minecraft:diamond_pickaxe":2,"minecraft:shield":2,"mcwfurnitures:stripped_birch_chair":8,"minecraft:birch_fence":30,"minecraft:stick":68,"minecraft:stone_slab":6,"mcwfurnitures:stripped_birch_desk":4,"minecraft:iron_ingot":77,"minecraft:iron_pickaxe":3,"minecraft:iron_leggings":2,"minecraft:anvil":1,"minecraft:white_bed":1,"mcwfurnitures:stripped_birch_wardrobe":4,"minecraft:torch":48,"biomesoplenty:fir_door":6},"minecraft:broken":{"minecraft:iron_axe":1,"minecraft:iron_sword":1,"minecraft:iron_pickaxe":1,"minecraft:golden_pickaxe":1},"minecraft:killed_by":{"minecraft:skeleton":1,"minecraft:witch":1},"minecraft:dropped":{"minecraft:iron_sword":1,"minecraft:dripstone_block":10,"minecraft:leather":2,"minecraft:gold_block":1,"minecraft:torch":1,"minecraft:string":1,"minecraft:bone":3,"minecraft:pointed_dripstone":7,"minecraft:rotten_flesh":2,"minecraft:stone_stairs":1,"minecraft:stone":6}},"DataVersion":3465}