{"stats":{"minecraft:used":{"minecraft:crafting_table":2,"minecraft:furnace":1,"minecraft:stone_pickaxe":45,"minecraft:wooden_pickaxe":11},"minecraft:mined":{"minecraft:grass":5,"minecraft:coal_ore":15,"minecraft:grass_block":1,"minecraft:oak_log":7,"minecraft:iron_ore":26,"minecraft:stone":12,"minecraft:crafting_table":1,"minecraft:fern":4},"minecraft:crafted":{"minecraft:furnace":1,"minecraft:oak_planks":28,"minecraft:crafting_table":1,"minecraft:stick":4,"minecraft:stone_pickaxe":1,"minecraft:wooden_pickaxe":1},"minecraft:custom":{"minecraft:open_barrel":1,"minecraft:interact_with_furnace":1,"minecraft:time_since_rest":8695,"minecraft:crouch_one_cm":1,"minecraft:sprint_one_cm":18399,"minecraft:play_time":8695,"minecraft:walk_one_cm":17503,"minecraft:sneak_time":5,"minecraft:jump":102,"minecraft:damage_dealt":20,"minecraft:leave_game":1,"minecraft:time_since_death":8695,"minecraft:total_world_time":8695,"minecraft:interact_with_crafting_table":3,"minecraft:fall_one_cm":894,"minecraft:fly_one_cm":15241},"minecraft:picked_up":{"minecraft:crafting_table":1,"minecraft:raw_iron":26,"minecraft:wheat_seeds":1,"minecraft:oak_log":7,"minecraft:coal":15,"minecraft:dirt":1,"minecraft:cobblestone":12}},"DataVersion":3465}