{
  "biomesoplenty:biomesoplenty/root": {
    "criteria": {
      "maple_woods": "2024-07-07 04:33:28 +0000"
    },
    "done": true
  },
  "biomesoplenty:biomesoplenty/all_biomes": {
    "criteria": {
      "shrubland": "2024-07-07 19:02:06 +0000",
      "rocky_shrubland": "2024-07-07 19:02:32 +0000",
      "scrubland": "2024-07-07 19:04:12 +0000",
      "highland": "2024-07-07 19:00:29 +0000",
      "clover_patch": "2024-07-07 18:49:30 +0000",
      "mystic_grove": "2024-07-07 18:49:32 +0000",
      "maple_woods": "2024-07-07 04:33:28 +0000",
      "field": "2024-07-07 05:20:33 +0000",
      "orchard": "2024-07-07 19:29:42 +0000",
      "pasture": "2024-07-07 19:29:48 +0000",
      "pumpkin_patch": "2024-07-07 05:02:20 +0000",
      "grassland": "2024-07-07 18:55:10 +0000"
    },
    "done": false
  },
  "minecraft:adventure/adventuring_time": {
    "criteria": {
      "minecraft:beach": "2024-07-07 05:02:32 +0000",
      "minecraft:stony_peaks": "2024-07-07 19:27:48 +0000",
      "minecraft:river": "2024-07-07 18:52:10 +0000",
      "minecraft:stony_shore": "2024-07-07 04:38:35 +0000",
      "minecraft:cold_ocean": "2024-07-07 05:04:24 +0000",
      "minecraft:forest": "2024-07-07 05:02:31 +0000"
    },
    "done": false
  },
  "minecraft:story/root": {
    "criteria": {
      "crafting_table": "2024-07-07 04:39:53 +0000"
    },
    "done": true
  },
  "minecraft:story/mine_stone": {
    "criteria": {
      "get_stone": "2024-07-07 04:40:35 +0000"
    },
    "done": true
  },
  "minecraft:husbandry/balanced_diet": {
    "criteria": {
      "cooked_porkchop": "2024-07-07 19:14:50 +0000",
      "cooked_beef": "2024-07-07 19:11:35 +0000",
      "apple": "2024-07-07 19:02:24 +0000",
      "bread": "2024-07-07 18:53:28 +0000",
      "rotten_flesh": "2024-07-07 04:40:52 +0000"
    },
    "done": false
  },
  "minecraft:husbandry/root": {
    "criteria": {
      "consumed_item": "2024-07-07 04:40:52 +0000"
    },
    "done": true
  },
  "minecraft:story/upgrade_tools": {
    "criteria": {
      "stone_pickaxe": "2024-07-07 04:41:07 +0000"
    },
    "done": true
  },
  "minecraft:adventure/root": {
    "criteria": {
      "killed_by_something": "2024-07-07 05:02:59 +0000"
    },
    "done": true
  },
  "minecraft:story/smelt_iron": {
    "criteria": {
      "iron": "2024-07-07 05:07:54 +0000"
    },
    "done": true
  },
  "minecraft:story/iron_tools": {
    "criteria": {
      "iron_pickaxe": "2024-07-07 05:08:04 +0000"
    },
    "done": true
  },
  "minecraft:story/obtain_armor": {
    "criteria": {
      "iron_chestplate": "2024-07-07 05:08:21 +0000"
    },
    "done": true
  },
  "minecraft:adventure/kill_a_mob": {
    "criteria": {
      "minecraft:zombie": "2024-07-07 05:19:45 +0000"
    },
    "done": true
  },
  "minecraft:adventure/kill_all_mobs": {
    "criteria": {
      "minecraft:skeleton": "2024-07-07 18:57:17 +0000",
      "minecraft:zombie": "2024-07-07 05:19:45 +0000"
    },
    "done": false
  },
  "quark:get_all_blossom_saplings": {
    "criteria": {
      "yellow": "2024-07-07 18:59:53 +0000"
    },
    "done": false
  },
  "minecraft:story/deflect_arrow": {
    "criteria": {
      "deflected_projectile": "2024-07-07 19:26:21 +0000"
    },
    "done": true
  },
  "DataVersion": 3465
}