{
  "biomesoplenty:biomesoplenty/root": {
    "criteria": {
      "maple_woods": "2024-07-06 19:37:21 +0000"
    },
    "done": true
  },
  "biomesoplenty:biomesoplenty/all_biomes": {
    "criteria": {
      "highland": "2024-07-06 20:37:02 +0000",
      "cold_desert": "2024-07-06 20:49:46 +0000",
      "maple_woods": "2024-07-06 19:37:21 +0000",
      "coniferous_forest": "2024-07-07 02:52:19 +0000",
      "seasonal_orchard": "2024-07-07 03:55:32 +0000",
      "seasonal_forest": "2024-07-07 03:55:02 +0000",
      "fir_clearing": "2024-07-07 02:54:18 +0000",
      "snowy_fir_clearing": "2024-07-06 20:51:09 +0000",
      "tundra": "2024-07-07 17:35:04 +0000",
      "crag": "2024-07-06 19:39:30 +0000"
    },
    "done": false
  },
  "minecraft:story/root": {
    "criteria": {
      "crafting_table": "2024-07-06 20:26:58 +0000"
    },
    "done": true
  },
  "minecraft:story/mine_stone": {
    "criteria": {
      "get_stone": "2024-07-06 20:27:23 +0000"
    },
    "done": true
  },
  "minecraft:story/upgrade_tools": {
    "criteria": {
      "stone_pickaxe": "2024-07-06 20:27:47 +0000"
    },
    "done": true
  },
  "minecraft:story/smelt_iron": {
    "criteria": {
      "iron": "2024-07-06 20:32:59 +0000"
    },
    "done": true
  },
  "minecraft:story/obtain_armor": {
    "criteria": {
      "iron_helmet": "2024-07-06 20:33:35 +0000"
    },
    "done": true
  },
  "minecraft:adventure/kill_a_mob": {
    "criteria": {
      "minecraft:zombie": "2024-07-06 20:34:26 +0000"
    },
    "done": true
  },
  "minecraft:adventure/root": {
    "criteria": {
      "killed_something": "2024-07-06 20:34:26 +0000"
    },
    "done": true
  },
  "minecraft:adventure/kill_all_mobs": {
    "criteria": {
      "minecraft:skeleton": "2024-07-06 20:36:18 +0000",
      "minecraft:spider": "2024-07-06 20:36:09 +0000",
      "minecraft:creeper": "2024-07-07 04:02:24 +0000",
      "minecraft:cave_spider": "2024-07-06 20:54:38 +0000",
      "minecraft:stray": "2024-07-06 20:49:13 +0000",
      "minecraft:silverfish": "2024-07-07 17:34:19 +0000",
      "minecraft:zombie": "2024-07-06 20:34:26 +0000"
    },
    "done": false
  },
  "minecraft:story/iron_tools": {
    "criteria": {
      "iron_pickaxe": "2024-07-06 20:35:29 +0000"
    },
    "done": true
  },
  "minecraft:husbandry/balanced_diet": {
    "criteria": {
      "cooked_porkchop": "2024-07-06 20:46:20 +0000",
      "sweet_berries": "2024-07-06 20:41:43 +0000",
      "cooked_beef": "2024-07-07 03:00:48 +0000",
      "baked_potato": "2024-07-06 20:39:38 +0000",
      "bread": "2024-07-07 17:39:48 +0000"
    },
    "done": false
  },
  "minecraft:husbandry/root": {
    "criteria": {
      "consumed_item": "2024-07-06 20:39:38 +0000"
    },
    "done": true
  },
  "minecraft:adventure/adventuring_time": {
    "criteria": {
      "minecraft:frozen_river": "2024-07-06 20:48:01 +0000",
      "minecraft:river": "2024-07-07 02:54:07 +0000",
      "minecraft:snowy_plains": "2024-07-06 20:44:15 +0000"
    },
    "done": false
  },
  "minecraft:story/deflect_arrow": {
    "criteria": {
      "deflected_projectile": "2024-07-06 20:49:08 +0000"
    },
    "done": true
  },
  "minecraft:adventure/sleep_in_bed": {
    "criteria": {
      "slept_in_bed": "2024-07-07 02:59:39 +0000"
    },
    "done": true
  },
  "minecraft:adventure/shoot_arrow": {
    "criteria": {
      "shot_arrow": "2024-07-07 04:02:19 +0000"
    },
    "done": true
  },
  "minecraft:story/shiny_gear": {
    "criteria": {
      "diamond_helmet": "2024-07-07 18:06:54 +0000"
    },
    "done": true
  },
  "minecraft:story/mine_diamond": {
    "criteria": {
      "diamond": "2024-07-07 17:33:47 +0000"
    },
    "done": true
  },
  "DataVersion": 3465
}